instId,instType,baseCcy,quoteCcy,settleCcy,minSz,lotSz,tickSz,last,vol24h,minOrderValueUSD
USDT-SGD,SPOT,USDT,SGD,,1,0.001,0.0001,1.285,607011.18,1.28
USDC-SGD,SPOT,USDC,SGD,,1,0.001,0.0001,1.2888,190306.574,1.29
BTC-AUD,SPOT,BTC,AUD,,0.0001,0.0000001,0.1,176703.3,0.3511044,17.67
ETH-AUD,SPOT,ETH,AUD,,0.0001,0.0000001,0.1,6521.1,17.4891723,0.65
SOL-AUD,SPOT,SOL,AUD,,0.001,0.000001,0.01,282,101.38365,0.28
XRP-AUD,SPOT,XRP,AUD,,0.1,0.0001,0.0001,4.46,4216.4739,0.45
TRUMP-AUD,SPOT,TRUMP,AUD,,0.1,0.0001,0.001,13.519,3.6987,1.35
USDT-AUD,SPOT,USDT,AUD,,0.1,0.0001,0.0001,1.5543,169814.3851,0.16
USDC-AUD,SPOT,USDC,AUD,,0.1,0.0001,0.0001,1.555,2529.4511,0.16
BTC-AED,SPOT,BTC,AED,,0.000001,0.000000001,1,418191,1.721311114,0.42
ETH-AED,SPOT,ETH,AED,,0.00001,0.00000001,0.1,15349.9,89.15836984,0.15
SOL-AED,SPOT,SOL,AED,,0.001,0.0000001,0.1,664.8,318.2282239,0.66
XRP-AED,SPOT,XRP,AED,,0.1,0.0001,0.001,10.662,55414.6455,1.07
TRUMP-AED,SPOT,TRUMP,AED,,0.1,0.0001,0.01,32.02,11.8139,3.20
USDT-AED,SPOT,USDT,AED,,0.1,0.0001,0.001,3.676,875647.6078,0.37
BTC-BRL,SPOT,BTC,BRL,,0.0001,0.00000001,1,623650,1.13763708,62.37
ETH-BRL,SPOT,ETH,BRL,,0.001,0.0000001,0.1,23008.8,26.4548058,23.01
SOL-BRL,SPOT,SOL,BRL,,0.001,0.000001,0.1,998.8,174.242427,1.00
XRP-BRL,SPOT,XRP,BRL,,0.1,0.00001,0.001,15.912,18913.01616,1.59
PI-BRL,SPOT,PI,BRL,,1,0.001,0.001,1.933,88980.165,1.93
PEPE-BRL,SPOT,PEPE,BRL,,100000,1,0.00000001,0.00005684,1635180162,5.68
TRUMP-BRL,SPOT,TRUMP,BRL,,0.1,0.0001,0.01,48.54,547.0637,4.85
USDT-BRL,SPOT,USDT,BRL,,1,0.00001,0.001,5.485,1234258.95033,5.49
USDC-BRL,SPOT,USDC,BRL,,1,0.00001,0.001,5.481,97443.5861,5.48
BTC-EUR,SPOT,BTC,EUR,,0.0001,0.00000001,0.1,97554.7,172.64139718,9.76
ETH-EUR,SPOT,ETH,EUR,,0.001,0.000001,0.01,3607.5,5248.480322,3.61
SOL-EUR,SPOT,SOL,EUR,,0.01,0.000001,0.01,156.03,15924.166095,1.56
TON-EUR,SPOT,TON,EUR,,0.1,0.0001,0.001,2.787,3254.274,0.28
DOGE-EUR,SPOT,DOGE,EUR,,10,0.000001,0.00001,0.1842,1457644.43436,1.84
XRP-EUR,SPOT,XRP,EUR,,1,0.0001,0.0001,2.4864,1687854.3755,2.49
PI-EUR,SPOT,PI,EUR,,1,0.001,0.0001,0.3003,245503.357,0.30
1INCH-EUR,SPOT,1INCH,EUR,,10,0.000001,0.0001,0.2129,6805.534459,2.13
AAVE-EUR,SPOT,AAVE,EUR,,0.01,0.000001,0.01,247.23,21.680902,2.47
ADA-EUR,SPOT,ADA,EUR,,10,0.0001,0.0001,0.7397,572236.0065,7.40
ALGO-EUR,SPOT,ALGO,EUR,,10,0.001,0.0001,0.2082,8534.03,2.08
APE-EUR,SPOT,APE,EUR,,1,0.0001,0.0001,0.515,2656.8346,0.52
APT-EUR,SPOT,APT,EUR,,0.1,0.00001,0.001,3.747,1769.04107,0.37
ARB-EUR,SPOT,ARB,EUR,,1,0.0001,0.0001,0.4188,42799.278,0.42
ASTR-EUR,SPOT,ASTR,EUR,,10,0.001,0.00001,0.02023,2593.806,0.20
ATOM-EUR,SPOT,ATOM,EUR,,0.1,0.00001,0.001,3.749,1269.34649,0.37
AVAX-EUR,SPOT,AVAX,EUR,,0.1,0.000001,0.001,19.679,523.411922,1.97
AXS-EUR,SPOT,AXS,EUR,,1,0.00001,0.001,1.949,2783.98575,1.95
BAL-EUR,SPOT,BAL,EUR,,1,0.000001,0.0001,1.0929,8288.610523,1.09
BAT-EUR,SPOT,BAT,EUR,,10,0.000001,0.0001,0.1283,532.904078,1.28
CHZ-EUR,SPOT,CHZ,EUR,,10,0.001,0.00001,0.03388,28961.563,0.34
COMP-EUR,SPOT,COMP,EUR,,0.1,0.000001,0.01,39.68,24.885497,3.97
CRO-EUR,SPOT,CRO,EUR,,10,0.001,0.00001,0.12296,63178.274,1.23
CRV-EUR,SPOT,CRV,EUR,,1,0.000001,0.0001,0.7325,21890.214704,0.73
DOT-EUR,SPOT,DOT,EUR,,0.1,0.000001,0.001,3.255,3323.961271,0.33
DYDX-EUR,SPOT,DYDX,EUR,,1,0.000001,0.0001,0.5539,835.98067,0.55
EGLD-EUR,SPOT,EGLD,EUR,,0.1,0.00001,0.01,12.55,58.04911,1.26
FET-EUR,SPOT,FET,EUR,,1,0.001,0.0001,0.5734,5173.505,0.57
FLOW-EUR,SPOT,FLOW,EUR,,1,0.0001,0.0001,0.321,857.5516,0.32
FLR-EUR,SPOT,FLR,EUR,,100,0.01,0.00001,0.02017,259822.86,2.02
FXS-EUR,SPOT,FXS,EUR,,1,0.0001,0.001,2.395,721.925,2.40
GRT-EUR,SPOT,GRT,EUR,,10,0.001,0.00001,0.07741,13118.976,0.77
HBAR-EUR,SPOT,HBAR,EUR,,10,0.001,0.00001,0.19997,53187.429,2.00
ICP-EUR,SPOT,ICP,EUR,,0.1,0.00001,0.001,4.404,329.60849,0.44
IMX-EUR,SPOT,IMX,EUR,,1,0.0001,0.0001,0.4633,1205.2751,0.46
INJ-EUR,SPOT,INJ,EUR,,0.1,0.0001,0.001,11.553,954.2932,1.16
JTO-EUR,SPOT,JTO,EUR,,1,0.0001,0.001,1.446,443.8218,1.45
LDO-EUR,SPOT,LDO,EUR,,1,0.0001,0.0001,1.1376,2550.4069,1.14
LINK-EUR,SPOT,LINK,EUR,,0.1,0.000001,0.001,21.733,2300.448041,2.17
LTC-EUR,SPOT,LTC,EUR,,0.01,0.000001,0.01,98.56,755.20727,0.99
LUNC-EUR,SPOT,LUNC,EUR,,10000,1,0.00000001,0.00005035,158409398,0.50
MANA-EUR,SPOT,MANA,EUR,,10,0.0001,0.0001,0.2406,3545.2849,2.41
MINA-EUR,SPOT,MINA,EUR,,1,0.0001,0.0001,0.1558,1696.0791,0.16
MKR-EUR,SPOT,MKR,EUR,,0.001,0.0000001,0.1,1405,1.9024692,1.41
OP-EUR,SPOT,OP,EUR,,1,0.0001,0.0001,0.604,4313.7759,0.60
SAND-EUR,SPOT,SAND,EUR,,10,0.0001,0.0001,0.2376,35182.5984,2.38
SHIB-EUR,SPOT,SHIB,EUR,,50000,1,0.000000001,0.00001057,400205417,0.53
SNX-EUR,SPOT,SNX,EUR,,1,0.0001,0.0001,0.5563,267.4858,0.56
STX-EUR,SPOT,STX,EUR,,1,0.0001,0.0001,0.5706,1209.1057,0.57
SUI-EUR,SPOT,SUI,EUR,,1,0.0001,0.0001,2.9853,68229.9125,2.99
SUSHI-EUR,SPOT,SUSHI,EUR,,1,0.0001,0.0001,0.6569,464.9795,0.66
TRUMP-EUR,SPOT,TRUMP,EUR,,0.1,0.0001,0.001,7.564,952.331,0.76
TRX-EUR,SPOT,TRX,EUR,,10,0.000001,0.00001,0.30124,51012.182175,3.01
UNI-EUR,SPOT,UNI,EUR,,0.1,0.000001,0.001,8.79,732.258783,0.88
USDT-EUR,SPOT,USDT,EUR,,1,0.0001,0.0001,0.8576,3429300.981,0.86
USDC-EUR,SPOT,USDC,EUR,,1,0.000001,0.0001,0.8574,1631542.377216,0.86
WIF-EUR,SPOT,WIF,EUR,,1,0.001,0.0001,0.7184,16278,0.72
WOO-EUR,SPOT,WOO,EUR,,10,0.000001,0.00001,0.06321,39110.174804,0.63
XLM-EUR,SPOT,XLM,EUR,,10,0.001,0.00001,0.34025,127451.666,3.40
XTZ-EUR,SPOT,XTZ,EUR,,1,0.0001,0.0001,0.6813,1076.5028,0.68
YGG-EUR,SPOT,YGG,EUR,,10,0.000001,0.0001,0.1281,4483.138131,1.28
BTC-TRY,SPOT,BTC,TRY,,0.0001,0.000000001,1,4657332,2.915115558,465.73
ETH-TRY,SPOT,ETH,TRY,,0.001,0.00000001,1,172162,89.09766871,172.16
SOL-TRY,SPOT,SOL,TRY,,0.001,0.0000001,0.1,7437.3,622.2873463,7.44
XRP-TRY,SPOT,XRP,TRY,,0.1,0.00001,0.01,118.71,34757.63864,11.87
PI-TRY,SPOT,PI,TRY,,1,0.001,0.01,14.37,1860836.347,14.37
TRUMP-TRY,SPOT,TRUMP,TRY,,0.1,0.0000001,0.1,360,1088.7008966,36.00
USDT-TRY,SPOT,USDT,TRY,,1,0.0001,0.01,40.92,6705041.4495,40.92
BTC-USD,SPOT,BTC,USD,,0.0001,0.00000001,0.1,113762,79.55655188,11.38
ETH-USD,SPOT,ETH,USD,,0.001,0.000001,0.01,4208.39,8061.160163,4.21
SOL-USD,SPOT,SOL,USD,,0.01,0.000001,0.01,181.84,9048.103402,1.82
TON-USD,SPOT,TON,USD,,0.1,0.0001,0.001,3.248,980.749,0.32
DOGE-USD,SPOT,DOGE,USD,,10,0.000001,0.00001,0.21482,1356176.564741,2.15
XRP-USD,SPOT,XRP,USD,,1,0.000001,0.0001,2.8995,596002.143276,2.90
API3-USD,SPOT,API3,USD,,1,0.000001,0.0001,1.3481,19795.77324,1.35
PI-USD,SPOT,PI,USD,,1,0.001,0.0001,0.3511,67743.117,0.35
1INCH-USD,SPOT,1INCH,USD,,10,0.000001,0.0001,0.2489,4589.361051,2.49
A-USD,SPOT,A,USD,,10,0.01,0.0001,0.4928,4930.42,4.93
AAVE-USD,SPOT,AAVE,USD,,0.01,0.000001,0.01,288.03,14.571392,2.88
ACA-USD,SPOT,ACA,USD,,10,0.000001,0.00001,0.03179,175503.714955,0.32
ACE-USD,SPOT,ACE,USD,,1,0.0001,0.0001,0.53,55.3338,0.53
ACH-USD,SPOT,ACH,USD,,100,0.01,0.00001,0.0203,3336.86,2.03
ADA-USD,SPOT,ADA,USD,,10,0.0001,0.0001,0.861,334989.3872,8.61
AERGO-USD,SPOT,AERGO,USD,,10,0.000001,0.00001,0.10666,25742.008042,1.07
AEVO-USD,SPOT,AEVO,USD,,1,0.0001,0.00001,0.09569,0,0.10
AGLD-USD,SPOT,AGLD,USD,,1,0.000001,0.0001,0.6915,0,0.69
AIXBT-USD,SPOT,AIXBT,USD,,1,0.001,0.00001,0.10832,21812.318,0.11
ALGO-USD,SPOT,ALGO,USD,,10,0.000001,0.0001,0.2432,1942.391702,2.43
ALPHA-USD,SPOT,ALPHA,USD,,10,0.000001,0.00001,0.01452,78054.833689,0.15
ANIME-USD,SPOT,ANIME,USD,,10,0.01,0.00001,0.01644,6245.31,0.16
APE-USD,SPOT,APE,USD,,1,0.000001,0.0001,0.603,2275.117064,0.60
APT-USD,SPOT,APT,USD,,0.1,0.0001,0.001,4.36,840.6578,0.44
AR-USD,SPOT,AR,USD,,0.1,0.000001,0.001,6.928,621.84388,0.69
ARB-USD,SPOT,ARB,USD,,1,0.0001,0.0001,0.4882,9427.5506,0.49
ARG-USD,SPOT,ARG,USD,,1,0.0001,0.0001,1.0161,780.457,1.02
ARKM-USD,SPOT,ARKM,USD,,1,0.001,0.0001,0.5105,57.521,0.51
ASP-USD,SPOT,ASP,USD,,10,0.01,0.0001,0.1373,130909.05,1.37
ASTR-USD,SPOT,ASTR,USD,,10,0.000001,0.00001,0.02378,7887.628048,0.24
ATH-USD,SPOT,ATH,USD,,100,0.1,0.00001,0.03272,86514.9,3.27
ATOM-USD,SPOT,ATOM,USD,,0.1,0.000001,0.001,4.377,15.84812,0.44
AUCTION-USD,SPOT,AUCTION,USD,,0.1,0.000001,0.001,9.618,66.982046,0.96
AVAX-USD,SPOT,AVAX,USD,,0.1,0.000001,0.001,22.974,82.90441,2.30
AXS-USD,SPOT,AXS,USD,,0.1,0.000001,0.001,2.27,233.155792,0.23
BABYDOGE-USD,SPOT,BABYDOGE,USD,,1000000000,1,0.000000000001,0.000000001225,324611066987,1.23
BABY-USD,SPOT,BABY,USD,,100,0.1,0.00001,0.05128,658.2,5.13
BADGER-USD,SPOT,BADGER,USD,,1,0.000001,0.0001,0.959,817.833379,0.96
BAL-USD,SPOT,BAL,USD,,1,0.000001,0.0001,1.2817,1034.517286,1.28
BANANA-USD,SPOT,BANANA,USD,,0.1,0.0001,0.01,22.63,0.5062,2.26
BAND-USD,SPOT,BAND,USD,,1,0.000001,0.0001,0.7638,13281.240054,0.76
BAT-USD,SPOT,BAT,USD,,10,0.000001,0.0001,0.1478,498.678224,1.48
BCH-USD,SPOT,BCH,USD,,0.01,0.000001,0.1,551.9,7.34447,5.52
BERA-USD,SPOT,BERA,USD,,0.1,0.001,0.001,2.151,2557.064,0.22
BICO-USD,SPOT,BICO,USD,,10,0.000001,0.00001,0.10647,9701.006008,1.06
BIGTIME-USD,SPOT,BIGTIME,USD,,10,0.01,0.00001,0.05584,0,0.56
BIO-USD,SPOT,BIO,USD,,10,0.001,0.00001,0.16357,199955.464,1.64
BLUR-USD,SPOT,BLUR,USD,,10,0.0001,0.00001,0.0779,0,0.78
BNB-USD,SPOT,BNB,USD,,0.001,0.000001,0.1,830,2.648931,0.83
BNT-USD,SPOT,BNT,USD,,10,0.000001,0.0001,0.8134,0,8.13
BOME-USD,SPOT,BOME,USD,,1000,1,0.000001,0.001735,40217,1.74
BONK-USD,SPOT,BONK,USD,,100000,1,0.000000001,0.000021482,62990146,2.15
CATI-USD,SPOT,CATI,USD,,10,0.01,0.00001,0.08746,3930.13,0.87
CAT-USD,SPOT,CAT,USD,,100000,1,0.000000001,0.000007663,80268492,0.77
CELO-USD,SPOT,CELO,USD,,10,0.000001,0.0001,0.3198,1700.872506,3.20
CELR-USD,SPOT,CELR,USD,,100,0.000001,0.000001,0.007825,61957.248051,0.78
CETUS-USD,SPOT,CETUS,USD,,10,0.0001,0.00001,0.09546,45583.5757,0.95
CFG-USD,SPOT,CFG,USD,,10,0.000001,0.0001,0.2963,13793.452413,2.96
CFX-USD,SPOT,CFX,USD,,10,0.000001,0.00001,0.17422,99813.443365,1.74
CHZ-USD,SPOT,CHZ,USD,,10,0.000001,0.00001,0.0395,5248.767107,0.40
CITY-USD,SPOT,CITY,USD,,1,0.0001,0.0001,1.1001,27.6533,1.10
CLV-USD,SPOT,CLV,USD,,100,0.000001,0.00001,0.02057,50490.973323,2.06
COMP-USD,SPOT,COMP,USD,,0.1,0.000001,0.01,45.67,19.513385,4.57
CORE-USD,SPOT,CORE,USD,,1,0.01,0.0001,0.4776,6865.82,0.48
CRO-USD,SPOT,CRO,USD,,10,0.000001,0.00001,0.1422,9648.920941,1.42
CRV-USD,SPOT,CRV,USD,,1,0.000001,0.0001,0.8524,2593.487407,0.85
CSPR-USD,SPOT,CSPR,USD,,100,0.000001,0.000001,0.010536,537117.868793,1.05
CTC-USD,SPOT,CTC,USD,,1,0.000001,0.0001,0.7419,889.419947,0.74
CVC-USD,SPOT,CVC,USD,,10,0.000001,0.00001,0.09595,0,0.96
CVX-USD,SPOT,CVX,USD,,1,0.000001,0.001,3.804,4810.938424,3.80
CXT-USD,SPOT,CXT,USD,,10,0.01,0.00001,0.02575,22504.55,0.26
DAI-USD,SPOT,DAI,USD,,1,0.000001,0.0001,1.0003,0,1.00
DAO-USD,SPOT,DAO,USD,,1,0.000001,0.0001,0.1206,0,0.12
DEGEN-USD,SPOT,DEGEN,USD,,1000,1,0.000001,0.003498,244739,3.50
DEP-USD,SPOT,DEP,USD,,100,0.00001,0.0000001,0.0015086,2375748.08792,0.15
DGB-USD,SPOT,DGB,USD,,100,0.000001,0.000001,0.008427,8800.291232,0.84
DOGS-USD,SPOT,DOGS,USD,,1000,1,0.0000001,0.0001278,6421937,0.13
DOT-USD,SPOT,DOT,USD,,0.1,0.000001,0.001,3.797,344.437015,0.38
DUCK-USD,SPOT,DUCK,USD,,100,0.1,0.000001,0.005507,861846.5,0.55
DYDX-USD,SPOT,DYDX,USD,,1,0.000001,0.0001,0.6458,4620.097014,0.65
EGLD-USD,SPOT,EGLD,USD,,0.1,0.000001,0.01,14.77,27.121629,1.48
EIGEN-USD,SPOT,EIGEN,USD,,1,0.001,0.0001,1.3338,772.849,1.33
ELF-USD,SPOT,ELF,USD,,10,0.000001,0.0001,0.2127,0,2.13
ELON-USD,SPOT,ELON,USD,,5000000,1,0.0000000001,0.0000001063,6999463827,0.53
ENJ-USD,SPOT,ENJ,USD,,10,0.001,0.00001,0.06561,220.448,0.66
ENS-USD,SPOT,ENS,USD,,0.1,0.000001,0.001,24.525,32.643179,2.45
ERN-USD,SPOT,ERN,USD,,1,0.000001,0.0001,0.7004,11978.971716,0.70
ETC-USD,SPOT,ETC,USD,,0.1,0.000001,0.01,20.93,0.796164,2.09
ETHFI-USD,SPOT,ETHFI,USD,,1,0.0001,0.0001,1.11,0,1.11
ETHW-USD,SPOT,ETHW,USD,,1,0.0001,0.001,1.575,18.5406,1.57
EURC-USD,SPOT,EURC,USD,,1,0.0001,0.0001,1.1659,336969.4916,1.17
FIL-USD,SPOT,FIL,USD,,0.1,0.000001,0.001,2.402,1003.352974,0.24
FLM-USD,SPOT,FLM,USD,,100,0.000001,0.00001,0.03046,44826.177855,3.05
FLOKI-USD,SPOT,FLOKI,USD,,10000,1,0.00000001,0.00009999,39781858,1.00
FLOW-USD,SPOT,FLOW,USD,,1,0.000001,0.0001,0.3688,1063.432715,0.37
FLR-USD,SPOT,FLR,USD,,100,0.01,0.00001,0.02345,52975.03,2.34
FLUID-USD,SPOT,FLUID,USD,,1,0.001,0.001,6.752,150.09,6.75
FORTH-USD,SPOT,FORTH,USD,,1,0.000001,0.001,2.76,137.844657,2.76
G-USD,SPOT,G,USD,,100,0.1,0.00001,0.01149,345.3,1.15
GALA-USD,SPOT,GALA,USD,,100,0.000001,0.00001,0.01622,548.35473,1.62
GAS-USD,SPOT,GAS,USD,,1,0.000001,0.001,3.238,131.268185,3.24
GEAR-USD,SPOT,GEAR,USD,,100,0.01,0.000001,0.003463,107116.72,0.35
GHST-USD,SPOT,GHST,USD,,1,0.000001,0.0001,0.4529,1119.064218,0.45
GLMR-USD,SPOT,GLMR,USD,,10,0.000001,0.00001,0.07449,1355.857993,0.74
GLM-USD,SPOT,GLM,USD,,10,0.000001,0.0001,0.2595,0,2.60
GMT-USD,SPOT,GMT,USD,,10,0.0001,0.00001,0.04153,30696.8811,0.42
GOAT-USD,SPOT,GOAT,USD,,10,0.001,0.00001,0.08918,10553.232,0.89
GODS-USD,SPOT,GODS,USD,,10,0.000001,0.00001,0.12543,37612.572594,1.25
GRT-USD,SPOT,GRT,USD,,10,0.000001,0.00001,0.08909,2397.627564,0.89
HBAR-USD,SPOT,HBAR,USD,,10,0.000001,0.00001,0.23439,52593.234187,2.34
HMSTR-USD,SPOT,HMSTR,USD,,100,0.1,0.0000001,0.0006994,752842.7,0.07
HUMA-USD,SPOT,HUMA,USD,,100,0.1,0.00001,0.03362,36392.2,3.36
ICE-USD,SPOT,ICE,USD,,100,0.1,0.000001,0.005151,2373347.1,0.52
ICP-USD,SPOT,ICP,USD,,0.1,0.000001,0.001,5.148,113.41292,0.51
ICX-USD,SPOT,ICX,USD,,10,0.000001,0.00001,0.125,360.304682,1.25
ID-USD,SPOT,ID,USD,,10,0.001,0.0001,0.1656,0,1.66
ILV-USD,SPOT,ILV,USD,,0.01,0.000001,0.001,15.401,30.3135,0.15
IMX-USD,SPOT,IMX,USD,,1,0.000001,0.0001,0.5359,472.815502,0.54
IOST-USD,SPOT,IOST,USD,,100,0.000001,0.000001,0.00364,0,0.36
IOTA-USD,SPOT,IOTA,USD,,10,0.000001,0.0001,0.1934,145245.243782,1.93
IP-USD,SPOT,IP,USD,,1,0.001,0.0001,5.6188,861.257,5.62
JOE-USD,SPOT,JOE,USD,,10,0.000001,0.0001,0.1572,0,1.57
JST-USD,SPOT,JST,USD,,100,0.000001,0.00001,0.03269,0,3.27
JTO-USD,SPOT,JTO,USD,,1,0.0001,0.001,1.702,972.5594,1.70
JUP-USD,SPOT,JUP,USD,,10,0.001,0.0001,0.4906,3482.639,4.91
KAITO-USD,SPOT,KAITO,USD,,1,0.001,0.0001,1.0439,1311.12,1.04
KAIA-USD,SPOT,KAIA,USD,,10,0.01,0.0001,0.1457,1799.57,1.46
KDA-USD,SPOT,KDA,USD,,1,0.000001,0.0001,0.3826,298.555454,0.38
KMNO-USD,SPOT,KMNO,USD,,100,0.1,0.00001,0.05703,3030,5.70
KNC-USD,SPOT,KNC,USD,,10,0.000001,0.0001,0.3929,0,3.93
KSM-USD,SPOT,KSM,USD,,0.1,0.000001,0.01,13.95,4.214273,1.40
LAT-USD,SPOT,LAT,USD,,100,0.000001,0.000001,0.003188,251809.835602,0.32
LAYER-USD,SPOT,LAYER,USD,,1,0.001,0.0001,0.557,658.469,0.56
LDO-USD,SPOT,LDO,USD,,1,0.0001,0.0001,1.3317,2302.44,1.33
LEO-USD,SPOT,LEO,USD,,1,0.000001,0.001,9.591,8.519803,9.59
LINK-USD,SPOT,LINK,USD,,0.1,0.000001,0.001,25.33,2440.53977,2.53
LOOKS-USD,SPOT,LOOKS,USD,,10,0.000001,0.00001,0.01815,6621.546169,0.18
LPT-USD,SPOT,LPT,USD,,0.1,0.000001,0.001,6.161,106.688055,0.62
LQTY-USD,SPOT,LQTY,USD,,1,0.0001,0.0001,0.9042,0,0.90
LRC-USD,SPOT,LRC,USD,,10,0.000001,0.00001,0.08778,10735.53523,0.88
LSK-USD,SPOT,LSK,USD,,1,0.00000001,0.0001,0.394,0,0.39
LTC-USD,SPOT,LTC,USD,,0.01,0.000001,0.01,114.92,2348.18705,1.15
LUNA-USD,SPOT,LUNA,USD,,10,0.0001,0.0001,0.1516,1583.0565,1.52
LUNC-USD,SPOT,LUNC,USD,,10000,1,0.00000001,0.00005888,4078414,0.59
MAGIC-USD,SPOT,MAGIC,USD,,1,0.000001,0.00001,0.22825,7033.477492,0.23
MAJOR-USD,SPOT,MAJOR,USD,,1,0.001,0.0001,0.1583,3467.182,0.16
MANA-USD,SPOT,MANA,USD,,10,0.000001,0.0001,0.2919,0,2.92
MASK-USD,SPOT,MASK,USD,,1,0.000001,0.001,1.235,93.019618,1.24
ME-USD,SPOT,ME,USD,,1,0.001,0.0001,0.7141,0,0.71
MEME-USD,SPOT,MEME,USD,,100,0.1,0.000001,0.002358,5071875.5,0.24
MEMEFI-USD,SPOT,MEMEFI,USD,,100,0.1,0.0000001,0.0017742,9345752.2,0.18
MENGO-USD,SPOT,MENGO,USD,,10,0.0001,0.00001,0.12782,15254.6541,1.28
MERL-USD,SPOT,MERL,USD,,10,0.001,0.00001,0.11139,24093.995,1.11
METIS-USD,SPOT,METIS,USD,,0.01,0.000001,0.01,16.57,7.958428,0.17
MEW-USD,SPOT,MEW,USD,,1000,1,0.000001,0.002893,0,2.89
MINA-USD,SPOT,MINA,USD,,1,0.000001,0.0001,0.1813,5878.418916,0.18
MKR-USD,SPOT,MKR,USD,,0.001,0.00000001,0.1,1636,2.74204928,1.64
MLN-USD,SPOT,MLN,USD,,0.1,0.000001,0.001,9.123,84.776923,0.91
MOODENG-USD,SPOT,MOODENG,USD,,10,0.01,0.00001,0.14662,3745.69,1.47
MORPHO-USD,SPOT,MORPHO,USD,,1,0.001,0.0001,2.0957,581.97,2.10
MOVR-USD,SPOT,MOVR,USD,,0.1,0.000001,0.001,6.374,247.794267,0.64
MOVE-USD,SPOT,MOVE,USD,,10,0.1,0.00001,0.12642,7591.4,1.26
NAVX-USD,SPOT,NAVX,USD,,10,0.01,0.00001,0.03819,13807.39,0.38
NC-USD,SPOT,NC,USD,,10,0.01,0.00001,0.01919,35417.13,0.19
NEAR-USD,SPOT,NEAR,USD,,1,0.00000001,0.001,2.475,4156.94898084,2.48
NEIRO-USD,SPOT,NEIRO,USD,,1000,1,0.0000001,0.0003606,3675133,0.36
NEO-USD,SPOT,NEO,USD,,0.1,0.000001,0.001,6.224,4741.680998,0.62
NMR-USD,SPOT,NMR,USD,,0.1,0.000001,0.001,8.172,193.10135,0.82
NOT-USD,SPOT,NOT,USD,,100,0.1,0.000001,0.001834,166493.7,0.18
OAS-USD,SPOT,OAS,USD,,100,0.01,0.00001,0.01141,50263.32,1.14
OL-USD,SPOT,OL,USD,,100,0.1,0.00001,0.03614,72244.3,3.61
OM-USD,SPOT,OM,USD,,1,0.000001,0.0001,0.2371,2199.076406,0.24
OMI-USD,SPOT,OMI,USD,,1000,0.001,0.0000001,0.000188,3411487.349,0.19
ONDO-USD,SPOT,ONDO,USD,,1,0.001,0.0001,0.931,133953.966,0.93
ONE-USD,SPOT,ONE,USD,,100,0.000001,0.000001,0.01035,367.980209,1.03
ONT-USD,SPOT,ONT,USD,,10,0.000001,0.0001,0.133,1010.999432,1.33
OP-USD,SPOT,OP,USD,,1,0.0001,0.0001,0.7079,13838.4453,0.71
ORBS-USD,SPOT,ORBS,USD,,100,0.000001,0.00001,0.01805,12294.52967,1.80
ORDI-USD,SPOT,ORDI,USD,,0.1,0.0001,0.001,8.641,50.6568,0.86
PARTI-USD,SPOT,PARTI,USD,,10,0.01,0.0001,0.1765,0,1.76
PENGU-USD,SPOT,PENGU,USD,,100,1,0.000001,0.029784,187800,2.98
PENDLE-USD,SPOT,PENDLE,USD,,1,0.001,0.001,5.259,516.615,5.26
PEOPLE-USD,SPOT,PEOPLE,USD,,100,0.000001,0.00001,0.01955,0,1.96
PEPE-USD,SPOT,PEPE,USD,,100000,1,0.000000001,0.000010421,887853993,1.04
PERP-USD,SPOT,PERP,USD,,1,0.000001,0.0001,0.2739,1150.867918,0.27
PHA-USD,SPOT,PHA,USD,,10,0.000001,0.00001,0.11638,53926.713228,1.16
PIXEL-USD,SPOT,PIXEL,USD,,10,0.01,0.00001,0.03286,0,0.33
PNUT-USD,SPOT,PNUT,USD,,1,0.01,0.0001,0.2162,1693.86,0.22
POL-USD,SPOT,POL,USD,,10,0.01,0.0001,0.2395,12838.7,2.40
POLYDOGE-USD,SPOT,POLYDOGE,USD,,100000000,1,0.000000000001,0.000000004746,431834108040,0.47
POR-USD,SPOT,POR,USD,,1,0.0001,0.0001,0.9357,2726.96,0.94
PRCL-USD,SPOT,PRCL,USD,,10,0.001,0.00001,0.08016,5242.514,0.80
PSTAKE-USD,SPOT,PSTAKE,USD,,100,0.000001,0.00001,0.03041,128396.111042,3.04
PUMP-USD,SPOT,PUMP,USD,,1000,1,0.000001,0.002998,2871310,3.00
PYTH-USD,SPOT,PYTH,USD,,10,0.001,0.00001,0.1172,10015.789,1.17
QTUM-USD,SPOT,QTUM,USD,,1,0.000001,0.001,2.071,711.484376,2.07
RACA-USD,SPOT,RACA,USD,,1000,0.001,0.00000001,0.00005579,31344579.336,0.06
RAY-USD,SPOT,RAY,USD,,1,0.000001,0.0001,3.2189,214.241963,3.22
RDNT-USD,SPOT,RDNT,USD,,10,0.001,0.00001,0.02224,0,0.22
RENDER-USD,SPOT,RENDER,USD,,1,0.001,0.001,3.587,567.31,3.59
RESOLV-USD,SPOT,RESOLV,USD,,10,0.01,0.0001,0.152,39854.35,1.52
RIO-USD,SPOT,RIO,USD,,1,0.000001,0.0001,0.279,21386.487207,0.28
RON-USD,SPOT,RON,USD,,1,0.000001,0.0001,0.5169,6604.573135,0.52
RPL-USD,SPOT,RPL,USD,,0.1,0.0001,0.001,7.066,0.9393,0.71
RSR-USD,SPOT,RSR,USD,,100,0.000001,0.000001,0.008368,42927.783082,0.84
RSS3-USD,SPOT,RSS3,USD,,10,0.000001,0.00001,0.04504,738873.3632,0.45
RVN-USD,SPOT,RVN,USD,,100,0.000001,0.00001,0.01353,0,1.35
S-USD,SPOT,S,USD,,1,0.001,0.0001,0.3098,8611.739,0.31
SAFE-USD,SPOT,SAFE,USD,,1,0.001,0.0001,0.4259,0,0.43
SAHARA-USD,SPOT,SAHARA,USD,,100,0.1,0.00001,0.08872,19392.2,8.87
SAND-USD,SPOT,SAND,USD,,10,0.000001,0.0001,0.2771,20397.509357,2.77
SATS-USD,SPOT,SATS,USD,,10000000,1,0.00000000001,0.00000003641,457726732,0.36
SC-USD,SPOT,SC,USD,,100,0.000001,0.000001,0.002962,680689.681206,0.30
SCR-USD,SPOT,SCR,USD,,1,0.001,0.0001,0.3604,1856.094,0.36
SD-USD,SPOT,SD,USD,,1,0.000001,0.0001,0.6886,3001.258194,0.69
SHIB-USD,SPOT,SHIB,USD,,100000,1,0.000000001,0.000012301,203879772,1.23
SKL-USD,SPOT,SKL,USD,,100,0.000001,0.00001,0.03058,48053.2174,3.06
SLP-USD,SPOT,SLP,USD,,100,0.000001,0.000001,0.001799,0,0.18
SNT-USD,SPOT,SNT,USD,,100,0.000001,0.00001,0.02637,13480.893543,2.64
SNX-USD,SPOT,SNX,USD,,1,0.000001,0.0001,0.6457,333.674599,0.65
SONIC-USD,SPOT,SONIC,USD,,10,0.01,0.00001,0.1968,2978.21,1.97
SOPH-USD,SPOT,SOPH,USD,,100,0.1,0.00001,0.0327,3087,3.27
SPK-USD,SPOT,SPK,USD,,100,0.1,0.00001,0.07615,90248.4,7.61
SPURS-USD,SPOT,SPURS,USD,,1,0.0001,0.0001,0.4634,0,0.46
SSV-USD,SPOT,SSV,USD,,0.1,0.0001,0.001,8.94,0,0.89
STETH-USD,SPOT,STETH,USD,,0.001,0.000001,0.01,4520.52,0,4.52
STORJ-USD,SPOT,STORJ,USD,,10,0.000001,0.0001,0.2613,0,2.61
STRK-USD,SPOT,STRK,USD,,1,0.0001,0.0001,0.1326,5810.2293,0.13
STX-USD,SPOT,STX,USD,,1,0.000001,0.0001,0.664,8702.034155,0.66
SUI-USD,SPOT,SUI,USD,,1,0.0001,0.0001,3.4858,3739.0981,3.49
SUSHI-USD,SPOT,SUSHI,USD,,1,0.000001,0.0001,0.7563,1047.811016,0.76
SWEAT-USD,SPOT,SWEAT,USD,,100,0.01,0.000001,0.002125,156658.17,0.21
SWFTC-USD,SPOT,SWFTC,USD,,100,0.000001,0.000001,0.010244,189601.670615,1.02
T-USD,SPOT,T,USD,,100,0.0001,0.00001,0.01665,0,1.67
THETA-USD,SPOT,THETA,USD,,1,0.000001,0.0001,0.7661,47298.174486,0.77
TIA-USD,SPOT,TIA,USD,,0.1,0.0001,0.001,1.694,2787.73,0.17
TNSR-USD,SPOT,TNSR,USD,,1,0.0001,0.0001,0.1206,815.1554,0.12
TRA-USD,SPOT,TRA,USD,,1,0.000001,0.0001,0.4619,3.270788,0.46
TRB-USD,SPOT,TRB,USD,,0.01,0.000001,0.01,35.44,31.395157,0.35
TRUMP-USD,SPOT,TRUMP,USD,,0.1,0.0001,0.001,8.79,715.5317,0.88
TRX-USD,SPOT,TRX,USD,,1,0.000001,0.00001,0.35142,33416.352182,0.35
TURBO-USD,SPOT,TURBO,USD,,1000,0.01,0.000001,0.004085,780346.37,4.08
ULTI-USD,SPOT,ULTI,USD,,100,0.1,0.000001,0.002118,176031.7,0.21
UMA-USD,SPOT,UMA,USD,,1,0.000001,0.001,1.408,5550.691107,1.41
UNI-USD,SPOT,UNI,USD,,0.1,0.000001,0.001,10.198,255.468677,1.02
USDT-USD,SPOT,USDT,USD,,1,0.0001,0.0001,1.0002,3290036.3592,1.00
UXLINK-USD,SPOT,UXLINK,USD,,10,0.01,0.0001,0.3261,0,3.26
VELODROME-USD,SPOT,VELODROME,USD,,10,0.0001,0.00001,0.05066,0,0.51
VELO-USD,SPOT,VELO,USD,,100,0.000001,0.000001,0.014986,179297.719787,1.50
VRA-USD,SPOT,VRA,USD,,100,0.000001,0.000001,0.001445,784765.016449,0.14
W-USD,SPOT,W,USD,,10,0.0001,0.00001,0.077,2699.3838,0.77
WAXP-USD,SPOT,WAXP,USD,,100,0.000001,0.00001,0.02052,8156.748524,2.05
WBTC-USD,SPOT,WBTC,USD,,0.0001,0.000001,0.1,115732.3,0,11.57
WCT-USD,SPOT,WCT,USD,,10,0.01,0.0001,0.2994,41.47,2.99
WIF-USD,SPOT,WIF,USD,,1,0.001,0.0001,0.8366,979.704,0.84
WIN-USD,SPOT,WIN,USD,,100000,1,0.00000001,0.0000601,0,6.01
WLD-USD,SPOT,WLD,USD,,1,0.001,0.0001,0.9186,774.523,0.92
XCH-USD,SPOT,XCH,USD,,0.1,0.000001,0.001,9.4,231.356853,0.94
XLM-USD,SPOT,XLM,USD,,10,0.000001,0.00001,0.3976,4475.119887,3.98
XTZ-USD,SPOT,XTZ,USD,,1,0.000001,0.0001,0.8076,0,0.81
YFI-USD,SPOT,YFI,USD,,0.0005,0.000001,1,5479,0.379139,2.74
YGG-USD,SPOT,YGG,USD,,10,0.000001,0.0001,0.1645,0,1.65
ZBCN-USD,SPOT,ZBCN,USD,,1000,1,0.0000001,0.0042735,2626448,4.27
ZENT-USD,SPOT,ZENT,USD,,100,0.1,0.000001,0.007422,11641.7,0.74
ZETA-USD,SPOT,ZETA,USD,,1,0.001,0.0001,0.183,108.382,0.18
ZEUS-USD,SPOT,ZEUS,USD,,10,0.0001,0.0001,0.1067,11477.4734,1.07
ZIL-USD,SPOT,ZIL,USD,,100,0.000001,0.00001,0.01083,2788.260858,1.08
ZK-USD,SPOT,ZK,USD,,10,0.01,0.00001,0.06134,2353.22,0.61
ZKJ-USD,SPOT,ZKJ,USD,,1,0.0001,0.0001,0.1923,19610.807,0.19
ZRO-USD,SPOT,ZRO,USD,,1,0.001,0.001,1.972,3177.939,1.97
ZRX-USD,SPOT,ZRX,USD,,10,0.000001,0.0001,0.2376,13.550135,2.38
BTC-USDT,SPOT,BTC,USDT,,0.00001,0.00000001,0.1,113787.9,5544.19157216,1.14
ETH-USDT,SPOT,ETH,USDT,,0.0001,0.000001,0.01,4206.4,267529.141133,0.42
OKB-USDT,SPOT,OKB,USDT,,0.1,0.000001,0.01,133.26,1277100.077293,13.33
SOL-USDT,SPOT,SOL,USDT,,0.001,0.000001,0.01,181.94,1063468.254184,0.18
TON-USDT,SPOT,TON,USDT,,0.1,0.0001,0.001,3.25,2834746.7047,0.33
DOGE-USDT,SPOT,DOGE,USDT,,10,0.000001,0.00001,0.21489,798548097.236338,2.15
XRP-USDT,SPOT,XRP,USDT,,1,0.000001,0.0001,2.9,37258305.069551,2.90
API3-USDT,SPOT,API3,USDT,,1,0.000001,0.0001,1.3527,17830689.742442,1.35
PI-USDT,SPOT,PI,USDT,,1,0.001,0.0001,0.3509,41918191.053,0.35
1INCH-USDT,SPOT,1INCH,USDT,,10,0.000001,0.0001,0.2485,5071923.600104,2.48
A-USDT,SPOT,A,USDT,,10,0.01,0.0001,0.4937,1914983.32,4.94
AAVE-USDT,SPOT,AAVE,USDT,,0.01,0.000001,0.01,288.09,16823.839572,2.88
ACA-USDT,SPOT,ACA,USDT,,10,0.000001,0.00001,0.0315,20504215.826555,0.32
ACE-USDT,SPOT,ACE,USDT,,1,0.0001,0.0001,0.5352,198289.3575,0.54
ACH-USDT,SPOT,ACH,USDT,,100,0.01,0.00001,0.02042,11936866.19,2.04
ACT-USDT,SPOT,ACT,USDT,,10,0.001,0.00001,0.03919,29970988.522,0.39
ADA-USDT,SPOT,ADA,USDT,,10,0.0001,0.0001,0.8615,72849288.3487,8.62
AERGO-USDT,SPOT,AERGO,USDT,,10,0.000001,0.00001,0.10838,1427296.019014,1.08
AEVO-USDT,SPOT,AEVO,USDT,,1,0.0001,0.00001,0.0948,3305880.9916,0.09
AGLD-USDT,SPOT,AGLD,USDT,,1,0.000001,0.0001,0.6863,526314.999747,0.69
AIDOGE-USDT,SPOT,AIDOGE,USDT,,10000000000,1,0.0000000000001,0.0000000001057,14680755241179210,1.06
AIXBT-USDT,SPOT,AIXBT,USDT,,1,0.001,0.00001,0.10871,6928136.625,0.11
ALGO-USDT,SPOT,ALGO,USDT,,10,0.000001,0.0001,0.2437,5740374.097177,2.44
ALPHA-USDT,SPOT,ALPHA,USDT,,10,0.000001,0.00001,0.01453,17788179.231982,0.15
ANIME-USDT,SPOT,ANIME,USDT,,10,0.01,0.00001,0.01646,25349115.09,0.16
APE-USDT,SPOT,APE,USDT,,1,0.000001,0.0001,0.599,1588710.470395,0.60
APT-USDT,SPOT,APT,USDT,,0.1,0.0001,0.001,4.372,1191040.2901,0.44
AR-USDT,SPOT,AR,USDT,,0.1,0.000001,0.001,6.845,218127.686006,0.68
ARB-USDT,SPOT,ARB,USDT,,1,0.0001,0.0001,0.488,24847028.4831,0.49
ARG-USDT,SPOT,ARG,USDT,,1,0.0001,0.0001,1.0121,45391.6145,1.01
ARKM-USDT,SPOT,ARKM,USDT,,1,0.001,0.0001,0.5081,734422.019,0.51
ASP-USDT,SPOT,ASP,USDT,,10,0.01,0.0001,0.1375,5832808.9,1.38
ASTR-USDT,SPOT,ASTR,USDT,,10,0.000001,0.00001,0.02385,5950114.978182,0.24
ATH-USDT,SPOT,ATH,USDT,,100,0.1,0.00001,0.03276,40216908,3.28
ATOM-USDT,SPOT,ATOM,USDT,,0.1,0.000001,0.001,4.372,184486.755309,0.44
AUCTION-USDT,SPOT,AUCTION,USDT,,0.1,0.000001,0.001,9.63,39762.417764,0.96
AVAX-USDT,SPOT,AVAX,USDT,,0.1,0.000001,0.001,22.97,314389.523637,2.30
AXS-USDT,SPOT,AXS,USDT,,0.1,0.000001,0.001,2.274,98220.699139,0.23
BABYDOGE-USDT,SPOT,BABYDOGE,USDT,,1000000000,1,0.000000000001,0.000000001226,304693190412495,1.23
BABY-USDT,SPOT,BABY,USDT,,100,0.1,0.00001,0.0514,6247846.3,5.14
BADGER-USDT,SPOT,BADGER,USDT,,1,0.000001,0.0001,0.9627,189568.611489,0.96
BAL-USDT,SPOT,BAL,USDT,,1,0.000001,0.0001,1.2818,167700.979061,1.28
BAND-USDT,SPOT,BAND,USDT,,1,0.000001,0.0001,0.7622,1737878.285455,0.76
BANANA-USDT,SPOT,BANANA,USDT,,0.1,0.0001,0.01,22.26,4107.7699,2.23
BAT-USDT,SPOT,BAT,USDT,,10,0.000001,0.0001,0.1501,2007151.081209,1.50
BCH-USDT,SPOT,BCH,USDT,,0.01,0.000001,0.1,551.8,6981.764152,5.52
BERA-USDT,SPOT,BERA,USDT,,0.1,0.001,0.001,2.151,721789.753,0.22
BETH-USDT,SPOT,BETH,USDT,,0.001,0.000001,0.1,4204.8,1489.204616,4.20
BICO-USDT,SPOT,BICO,USDT,,10,0.000001,0.00001,0.10599,2081915.302021,1.06
BIGTIME-USDT,SPOT,BIGTIME,USDT,,10,0.01,0.00001,0.05407,10213334.43,0.54
BIO-USDT,SPOT,BIO,USDT,,10,0.001,0.00001,0.16516,118567553.407,1.65
BLUR-USDT,SPOT,BLUR,USDT,,10,0.0001,0.00001,0.07719,4977984.68,0.77
BNB-USDT,SPOT,BNB,USDT,,0.001,0.000001,0.1,833.4,15743.742981,0.83
BNT-USDT,SPOT,BNT,USDT,,10,0.000001,0.0001,0.7672,130970.265743,7.67
BOME-USDT,SPOT,BOME,USDT,,1000,1,0.000001,0.001767,588449139,1.77
BONK-USDT,SPOT,BONK,USDT,,100000,1,0.000000001,0.000021618,193696969001,2.16
BTT-USDT,SPOT,BTT,USDT,,1000000,1,0.0000000001,0.0000006506,480443169459,0.65
CATI-USDT,SPOT,CATI,USDT,,10,0.01,0.00001,0.08749,4719366.99,0.87
CAT-USDT,SPOT,CAT,USDT,,100000,1,0.000000001,0.000007667,29549072343,0.77
CELO-USDT,SPOT,CELO,USDT,,10,0.000001,0.0001,0.3189,3346325.561247,3.19
CELR-USDT,SPOT,CELR,USDT,,100,0.000001,0.000001,0.008092,7713050.479247,0.81
CETUS-USDT,SPOT,CETUS,USDT,,10,0.0001,0.00001,0.09538,8134413.9085,0.95
CFG-USDT,SPOT,CFG,USDT,,10,0.000001,0.0001,0.2947,2587322.181726,2.95
CFX-USDT,SPOT,CFX,USDT,,10,0.000001,0.00001,0.17493,104914538.961215,1.75
CHZ-USDT,SPOT,CHZ,USDT,,10,0.000001,0.00001,0.03949,15043040.655182,0.39
CITY-USDT,SPOT,CITY,USDT,,1,0.0001,0.0001,1.0875,22360.4824,1.09
CLV-USDT,SPOT,CLV,USDT,,100,0.000001,0.00001,0.02066,12277645.177302,2.07
COMP-USDT,SPOT,COMP,USDT,,0.1,0.000001,0.01,46.04,15426.120407,4.60
CORE-USDT,SPOT,CORE,USDT,,1,0.01,0.0001,0.4779,4137173.34,0.48
CRO-USDT,SPOT,CRO,USDT,,10,0.000001,0.00001,0.14376,11598955.539555,1.44
CRV-USDT,SPOT,CRV,USDT,,1,0.000001,0.0001,0.8512,8103440.283283,0.85
CSPR-USDT,SPOT,CSPR,USDT,,100,0.000001,0.000001,0.01033,60801241.164191,1.03
CTC-USDT,SPOT,CTC,USDT,,1,0.000001,0.0001,0.7326,3890397.491002,0.73
CVC-USDT,SPOT,CVC,USDT,,10,0.000001,0.00001,0.09121,2851828.803389,0.91
CVX-USDT,SPOT,CVX,USDT,,1,0.000001,0.001,3.884,90024.944911,3.88
CXT-USDT,SPOT,CXT,USDT,,10,0.01,0.00001,0.02526,4283495.76,0.25
DAI-USDT,SPOT,DAI,USDT,,1,0.000001,0.0001,0.9998,1225670.428134,1.00
DAO-USDT,SPOT,DAO,USDT,,1,0.000001,0.0001,0.1176,297763.867779,0.12
DEGEN-USDT,SPOT,DEGEN,USDT,,100,1,0.000001,0.003506,91033513,0.35
DEP-USDT,SPOT,DEP,USDT,,100,0.00001,0.0000001,0.0015578,256652959.03872,0.16
DGB-USDT,SPOT,DGB,USDT,,100,0.000001,0.000001,0.008467,9876372.62145,0.85
DOGS-USDT,SPOT,DOGS,USDT,,1000,1,0.0000001,0.0001285,6793275751,0.13
DORA-USDT,SPOT,DORA,USDT,,10,0.01,0.00001,0.02022,22768366.46,0.20
DOT-USDT,SPOT,DOT,USDT,,0.1,0.000001,0.001,3.798,2666645.848217,0.38
DUCK-USDT,SPOT,DUCK,USDT,,100,0.1,0.000001,0.005525,240615618.4,0.55
DYDX-USDT,SPOT,DYDX,USDT,,1,0.000001,0.0001,0.6443,2862629.427904,0.64
EGLD-USDT,SPOT,EGLD,USDT,,0.1,0.000001,0.01,14.72,11584.271233,1.47
EIGEN-USDT,SPOT,EIGEN,USDT,,1,0.001,0.0001,1.3108,1727170.005,1.31
ELF-USDT,SPOT,ELF,USDT,,10,0.000001,0.0001,0.2054,362271.667255,2.05
ELON-USDT,SPOT,ELON,USDT,,5000000,1,0.0000000001,0.0000001068,1063245396765,0.53
ENJ-USDT,SPOT,ENJ,USDT,,10,0.001,0.00001,0.06792,2322759.124,0.68
ENS-USDT,SPOT,ENS,USDT,,0.1,0.000001,0.001,24.606,66967.008289,2.46
ERN-USDT,SPOT,ERN,USDT,,1,0.000001,0.0001,0.704,1280149.855839,0.70
ETC-USDT,SPOT,ETC,USDT,,0.1,0.000001,0.01,20.9,179193.699765,2.09
ETHW-USDT,SPOT,ETHW,USDT,,1,0.0001,0.001,1.567,217981.3054,1.57
ETHFI-USDT,SPOT,ETHFI,USDT,,1,0.0001,0.0001,1.0751,3053878.4289,1.08
FET-USDT,SPOT,FET,USDT,,1,0.001,0.0001,0.6683,2639029.681,0.67
FIL-USDT,SPOT,FIL,USDT,,0.1,0.000001,0.001,2.397,3247501.968403,0.24
FLM-USDT,SPOT,FLM,USDT,,100,0.000001,0.00001,0.03039,6005448.665139,3.04
FLOW-USDT,SPOT,FLOW,USDT,,1,0.000001,0.0001,0.373,1136893.719473,0.37
FLOKI-USDT,SPOT,FLOKI,USDT,,10000,1,0.00000001,0.00010041,6919582296,1.00
FLR-USDT,SPOT,FLR,USDT,,100,0.01,0.00001,0.02346,48497649.17,2.35
FLUID-USDT,SPOT,FLUID,USDT,,1,0.001,0.001,6.73,61015.011,6.73
FORTH-USDT,SPOT,FORTH,USDT,,1,0.000001,0.001,2.733,38230.664818,2.73
FOXY-USDT,SPOT,FOXY,USDT,,100,0.01,0.000001,0.003252,51401473.89,0.33
FXS-USDT,SPOT,FXS,USDT,,1,0.0001,0.001,2.787,46586.6195,2.79
G-USDT,SPOT,G,USDT,,100,0.1,0.00001,0.01151,4037060.1,1.15
GALA-USDT,SPOT,GALA,USDT,,100,0.000001,0.00001,0.01617,196673921.944217,1.62
GALFT-USDT,SPOT,GALFT,USDT,,1,0.0001,0.001,1.401,22173.7196,1.40
GAS-USDT,SPOT,GAS,USDT,,1,0.000001,0.001,3.296,195459.487074,3.30
GEAR-USDT,SPOT,GEAR,USDT,,100,0.01,0.000001,0.003487,34334498.13,0.35
GHST-USDT,SPOT,GHST,USDT,,1,0.000001,0.0001,0.4563,88625.532973,0.46
GLM-USDT,SPOT,GLM,USDT,,10,0.000001,0.0001,0.2426,372453.585136,2.43
GLMR-USDT,SPOT,GLMR,USDT,,10,0.000001,0.00001,0.07474,623639.52521,0.75
GMT-USDT,SPOT,GMT,USDT,,10,0.0001,0.00001,0.0416,9728827.7904,0.42
GMX-USDT,SPOT,GMX,USDT,,0.1,0.0001,0.01,14.94,14617.6961,1.49
GOAT-USDT,SPOT,GOAT,USDT,,10,0.001,0.00001,0.0889,5020492.175,0.89
GODS-USDT,SPOT,GODS,USDT,,10,0.000001,0.00001,0.12549,2195560.617086,1.25
GRT-USDT,SPOT,GRT,USDT,,10,0.000001,0.00001,0.0902,5835352.386729,0.90
HBAR-USDT,SPOT,HBAR,USDT,,10,0.000001,0.00001,0.23443,24612526.369656,2.34
HMSTR-USDT,SPOT,HMSTR,USDT,,100,0.1,0.0000001,0.0007024,188756659.5,0.07
HUMA-USDT,SPOT,HUMA,USDT,,100,0.1,0.00001,0.03256,30319185.2,3.26
ICE-USDT,SPOT,ICE,USDT,,100,0.1,0.000001,0.005118,132270763.5,0.51
ICP-USDT,SPOT,ICP,USDT,,0.1,0.000001,0.001,5.137,249303.232611,0.51
ICX-USDT,SPOT,ICX,USDT,,10,0.000001,0.00001,0.12654,976881.832756,1.27
ID-USDT,SPOT,ID,USDT,,10,0.001,0.0001,0.1564,248553.095,1.56
ILV-USDT,SPOT,ILV,USDT,,0.01,0.000001,0.001,15.24,21343.775296,0.15
IMX-USDT,SPOT,IMX,USDT,,1,0.000001,0.0001,0.5409,912343.168788,0.54
INJ-USDT,SPOT,INJ,USDT,,0.1,0.0001,0.001,13.436,177950.7459,1.34
IOST-USDT,SPOT,IOST,USDT,,100,0.000001,0.000001,0.003462,50974076.462252,0.35
IOTA-USDT,SPOT,IOTA,USDT,,10,0.000001,0.0001,0.1959,4294615.347005,1.96
IP-USDT,SPOT,IP,USDT,,1,0.001,0.0001,5.6882,612257.558,5.69
J-USDT,SPOT,J,USDT,,1,0.001,0.00001,0.11815,12048322.426,0.12
JITOSOL-USDT,SPOT,JITOSOL,USDT,,0.001,0.000001,0.01,222.54,2572.783588,0.22
JOE-USDT,SPOT,JOE,USDT,,10,0.000001,0.0001,0.1557,246205.65899,1.56
JST-USDT,SPOT,JST,USDT,,100,0.000001,0.00001,0.03313,1582173.647417,3.31
JTO-USDT,SPOT,JTO,USDT,,1,0.0001,0.001,1.698,438193.8638,1.70
JUP-USDT,SPOT,JUP,USDT,,10,0.001,0.0001,0.49,2171268.148,4.90
KAIA-USDT,SPOT,KAIA,USDT,,10,0.01,0.0001,0.1453,3263776.47,1.45
KAITO-USDT,SPOT,KAITO,USDT,,1,0.001,0.0001,1.0484,1147804.595,1.05
KDA-USDT,SPOT,KDA,USDT,,1,0.000001,0.0001,0.3819,325454.924328,0.38
KMNO-USDT,SPOT,KMNO,USDT,,100,0.1,0.00001,0.05678,3181892.4,5.68
KNC-USDT,SPOT,KNC,USDT,,10,0.000001,0.0001,0.3898,90322.620015,3.90
KSM-USDT,SPOT,KSM,USDT,,0.1,0.000001,0.01,14.27,16575.318808,1.43
LAT-USDT,SPOT,LAT,USDT,,100,0.000001,0.000001,0.003178,158402071.201819,0.32
LAYER-USDT,SPOT,LAYER,USDT,,1,0.001,0.0001,0.5563,1216257.03,0.56
LDO-USDT,SPOT,LDO,USDT,,1,0.0001,0.0001,1.3315,6550281.0711,1.33
LEO-USDT,SPOT,LEO,USDT,,1,0.000001,0.001,9.65,1539.509349,9.65
LINK-USDT,SPOT,LINK,USDT,,0.1,0.000001,0.001,25.331,2181941.559275,2.53
LOOKS-USDT,SPOT,LOOKS,USDT,,10,0.000001,0.00001,0.01932,10362022.35774,0.19
LPT-USDT,SPOT,LPT,USDT,,0.1,0.000001,0.001,6.244,139976.341806,0.62
LQTY-USDT,SPOT,LQTY,USDT,,1,0.0001,0.0001,0.8778,475820.3465,0.88
LRC-USDT,SPOT,LRC,USDT,,10,0.000001,0.00001,0.08756,5188215.114193,0.88
LSK-USDT,SPOT,LSK,USDT,,1,0.00000001,0.0001,0.3804,32493.19695157,0.38
LTC-USDT,SPOT,LTC,USDT,,0.01,0.000001,0.01,115.01,194345.698638,1.15
LUNC-USDT,SPOT,LUNC,USDT,,10000,1,0.00000001,0.00005861,2421963984,0.59
LUNA-USDT,SPOT,LUNA,USDT,,10,0.0001,0.0001,0.1534,2111872.0113,1.53
MAGIC-USDT,SPOT,MAGIC,USDT,,1,0.000001,0.00001,0.23054,8442496.779147,0.23
MAJOR-USDT,SPOT,MAJOR,USDT,,1,0.001,0.0001,0.1573,985984.518,0.16
MANA-USDT,SPOT,MANA,USDT,,10,0.000001,0.0001,0.2789,824009.583638,2.79
MASK-USDT,SPOT,MASK,USDT,,1,0.000001,0.001,1.234,424038.425986,1.23
ME-USDT,SPOT,ME,USDT,,1,0.001,0.0001,0.6816,622556.379,0.68
MEME-USDT,SPOT,MEME,USDT,,100,0.1,0.000001,0.002381,2877289871.3,0.24
MEMEFI-USDT,SPOT,MEMEFI,USDT,,100,0.1,0.0000001,0.0017992,2501147928.8,0.18
MENGO-USDT,SPOT,MENGO,USDT,,10,0.0001,0.00001,0.12845,1643215.675,1.28
MERL-USDT,SPOT,MERL,USDT,,10,0.001,0.00001,0.1113,5470653.84,1.11
METIS-USDT,SPOT,METIS,USDT,,0.01,0.000001,0.01,16.63,18743.193035,0.17
MEW-USDT,SPOT,MEW,USDT,,1000,1,0.000001,0.002882,461329011,2.88
MINA-USDT,SPOT,MINA,USDT,,1,0.000001,0.0001,0.1822,913572.446375,0.18
MKR-USDT,SPOT,MKR,USDT,,0.001,0.00000001,0.1,1638.3,860.43451931,1.64
MLN-USDT,SPOT,MLN,USDT,,0.1,0.000001,0.001,9.013,31984.888554,0.90
MOODENG-USDT,SPOT,MOODENG,USDT,,10,0.01,0.00001,0.14818,12280287.17,1.48
MORPHO-USDT,SPOT,MORPHO,USDT,,1,0.001,0.0001,2.108,1126244.688,2.11
MOVR-USDT,SPOT,MOVR,USDT,,0.1,0.000001,0.001,6.379,4357.566841,0.64
MOVE-USDT,SPOT,MOVE,USDT,,10,0.1,0.00001,0.1271,6801885.4,1.27
NAVX-USDT,SPOT,NAVX,USDT,,10,0.01,0.00001,0.03803,3402423.22,0.38
NC-USDT,SPOT,NC,USDT,,10,0.01,0.00001,0.01934,12063508.37,0.19
NEAR-USDT,SPOT,NEAR,USDT,,1,0.00000001,0.001,2.472,1692129.49201394,2.47
NEIRO-USDT,SPOT,NEIRO,USDT,,1000,1,0.0000001,0.0003599,2253973090,0.36
NEO-USDT,SPOT,NEO,USDT,,0.1,0.000001,0.001,6.246,378029.180154,0.62
NFT-USDT,SPOT,NFT,USDT,,10000000,1,0.0000000001,0.0000004639,49361545351,4.64
NMR-USDT,SPOT,NMR,USDT,,0.1,0.000001,0.001,8.23,31300.831362,0.82
NOT-USDT,SPOT,NOT,USDT,,100,0.1,0.000001,0.001833,411834799.1,0.18
OAS-USDT,SPOT,OAS,USDT,,100,0.01,0.00001,0.01142,2337894.76,1.14
OKSOL-USDT,SPOT,OKSOL,USDT,,0.001,0.000001,0.01,181.69,4452.055316,0.18
OL-USDT,SPOT,OL,USDT,,10,0.1,0.00001,0.03733,22798295.1,0.37
OM-USDT,SPOT,OM,USDT,,1,0.000001,0.0001,0.2397,3653578.304689,0.24
OMI-USDT,SPOT,OMI,USDT,,1000,0.001,0.0000001,0.0001882,681253783.746,0.19
ONDO-USDT,SPOT,ONDO,USDT,,1,0.001,0.0001,0.9298,4762742.411,0.93
ONE-USDT,SPOT,ONE,USDT,,100,0.000001,0.000001,0.010589,3884102.455886,1.06
ONT-USDT,SPOT,ONT,USDT,,10,0.000001,0.0001,0.1337,1193543.755922,1.34
OP-USDT,SPOT,OP,USDT,,1,0.0001,0.0001,0.7077,9153358.8325,0.71
ORBS-USDT,SPOT,ORBS,USDT,,100,0.000001,0.00001,0.01797,5174795.970205,1.80
ORDI-USDT,SPOT,ORDI,USDT,,0.1,0.0001,0.001,8.769,322007.3409,0.88
PARTI-USDT,SPOT,PARTI,USDT,,10,0.01,0.0001,0.1751,4462476.37,1.75
PENDLE-USDT,SPOT,PENDLE,USDT,,1,0.001,0.001,5.165,102948.758,5.17
PENGU-USDT,SPOT,PENGU,USDT,,100,1,0.000001,0.029846,669648934,2.98
PEOPLE-USDT,SPOT,PEOPLE,USDT,,100,0.000001,0.00001,0.01851,82755159.017167,1.85
PEPE-USDT,SPOT,PEPE,USDT,,100000,1,0.000000001,0.000010386,2172450015783,1.04
PERP-USDT,SPOT,PERP,USDT,,1,0.000001,0.0001,0.2783,527597.689013,0.28
PHA-USDT,SPOT,PHA,USDT,,10,0.000001,0.00001,0.11185,17231971.800162,1.12
PIXEL-USDT,SPOT,PIXEL,USDT,,10,0.01,0.00001,0.03276,6577481.4,0.33
PNUT-USDT,SPOT,PNUT,USDT,,1,0.01,0.0001,0.2146,12809458.09,0.21
POLYDOGE-USDT,SPOT,POLYDOGE,USDT,,100000000,1,0.000000000001,0.000000004732,56975730040430,0.47
POL-USDT,SPOT,POL,USDT,,10,0.01,0.0001,0.2379,14774706.03,2.38
POR-USDT,SPOT,POR,USDT,,1,0.0001,0.0001,0.9416,142676.7193,0.94
PRCL-USDT,SPOT,PRCL,USDT,,10,0.001,0.00001,0.08104,34696914.462,0.81
PROMPT-USDT,SPOT,PROMPT,USDT,,10,0.1,0.00001,0.12101,7093002.5,1.21
PSTAKE-USDT,SPOT,PSTAKE,USDT,,100,0.000001,0.00001,0.03031,5204771.197615,3.03
PUMP-USDT,SPOT,PUMP,USDT,,1000,1,0.000001,0.002992,6429671526,2.99
PYTH-USDT,SPOT,PYTH,USDT,,10,0.001,0.00001,0.11605,7472422.203,1.16
PYUSD-USDT,SPOT,PYUSD,USDT,,1,0.0001,0.0001,0.9982,242706.0457,1.00
QTUM-USDT,SPOT,QTUM,USDT,,1,0.000001,0.001,2.088,296118.09381,2.09
RACA-USDT,SPOT,RACA,USDT,,1000,0.001,0.00000001,0.00005598,2034849636.031,0.06
RAY-USDT,SPOT,RAY,USDT,,1,0.000001,0.0001,3.235,542103.743089,3.23
RDNT-USDT,SPOT,RDNT,USDT,,10,0.001,0.00001,0.02113,3023406.263,0.21
RENDER-USDT,SPOT,RENDER,USDT,,1,0.001,0.001,3.601,390676.127,3.60
RESOLV-USDT,SPOT,RESOLV,USDT,,10,0.01,0.0001,0.1512,17981457.9,1.51
RIO-USDT,SPOT,RIO,USDT,,1,0.000001,0.0001,0.2759,1275760.153705,0.28
RON-USDT,SPOT,RON,USDT,,1,0.000001,0.0001,0.5173,226726.771593,0.52
RPL-USDT,SPOT,RPL,USDT,,0.1,0.0001,0.001,7.162,6721.0803,0.72
RSR-USDT,SPOT,RSR,USDT,,100,0.000001,0.000001,0.008357,48084905.092362,0.84
RSS3-USDT,SPOT,RSS3,USDT,,10,0.000001,0.00001,0.04589,121620401.870084,0.46
RUNECOIN-USDT,SPOT,RUNECOIN,USDT,,1000,0.1,0.0000001,0.0004702,491670264.7,0.47
RVN-USDT,SPOT,RVN,USDT,,100,0.000001,0.00001,0.01339,16198968.413491,1.34
S-USDT,SPOT,S,USDT,,1,0.001,0.0001,0.3096,7167175.648,0.31
SAFE-USDT,SPOT,SAFE,USDT,,1,0.001,0.0001,0.4151,1490926.911,0.42
SAHARA-USDT,SPOT,SAHARA,USDT,,100,0.1,0.00001,0.08828,12746224,8.83
SAND-USDT,SPOT,SAND,USDT,,10,0.000001,0.0001,0.277,3193259.809741,2.77
SATS-USDT,SPOT,SATS,USDT,,10000000,1,0.00000000001,0.00000003682,38218093555294,0.37
SC-USDT,SPOT,SC,USDT,,100,0.000001,0.000001,0.003003,15641560.053742,0.30
SCR-USDT,SPOT,SCR,USDT,,1,0.001,0.0001,0.3569,1650707.003,0.36
SD-USDT,SPOT,SD,USDT,,1,0.000001,0.0001,0.6956,371617.366033,0.70
SHIB-USDT,SPOT,SHIB,USDT,,100000,1,0.000000001,0.000012324,357947855789,1.23
SKL-USDT,SPOT,SKL,USDT,,100,0.000001,0.00001,0.0307,49490888.900508,3.07
SLERF-USDT,SPOT,SLERF,USDT,,10,0.01,0.00001,0.07418,445910.08,0.74
SLP-USDT,SPOT,SLP,USDT,,100,0.000001,0.000001,0.001775,41211932.801994,0.18
SNT-USDT,SPOT,SNT,USDT,,100,0.000001,0.00001,0.02651,6954906.725853,2.65
SNX-USDT,SPOT,SNX,USDT,,1,0.000001,0.0001,0.6478,525837.568406,0.65
SONIC-USDT,SPOT,SONIC,USDT,,10,0.01,0.00001,0.19672,2312058.99,1.97
SOPH-USDT,SPOT,SOPH,USDT,,100,0.1,0.00001,0.03325,11160870.5,3.33
SPK-USDT,SPOT,SPK,USDT,,100,0.1,0.00001,0.07631,49914839.1,7.63
SPURS-USDT,SPOT,SPURS,USDT,,1,0.0001,0.0001,0.4572,64516.799,0.46
SSV-USDT,SPOT,SSV,USDT,,0.1,0.0001,0.001,8.464,94162.6017,0.85
STETH-USDT,SPOT,STETH,USDT,,0.001,0.000001,0.01,4194.24,334.294286,4.19
STORJ-USDT,SPOT,STORJ,USDT,,10,0.000001,0.0001,0.2589,421105.452992,2.59
STRK-USDT,SPOT,STRK,USDT,,1,0.0001,0.0001,0.1337,6562727.9849,0.13
STX-USDT,SPOT,STX,USDT,,1,0.000001,0.0001,0.6622,2259580.953002,0.66
SUI-USDT,SPOT,SUI,USDT,,1,0.0001,0.0001,3.4835,14737343.916,3.48
SUSHI-USDT,SPOT,SUSHI,USDT,,1,0.000001,0.0001,0.767,1481618.744809,0.77
SWEAT-USDT,SPOT,SWEAT,USDT,,100,0.01,0.000001,0.002128,43527927.64,0.21
SWFTC-USDT,SPOT,SWFTC,USDT,,100,0.000001,0.000001,0.010339,21392679.781954,1.03
T-USDT,SPOT,T,USDT,,100,0.0001,0.00001,0.01598,1054844.6965,1.60
THETA-USDT,SPOT,THETA,USDT,,1,0.000001,0.0001,0.7806,552182.122175,0.78
TIA-USDT,SPOT,TIA,USDT,,0.1,0.0001,0.001,1.685,1263111.714,0.17
TNSR-USDT,SPOT,TNSR,USDT,,1,0.0001,0.0001,0.1218,1799773.7654,0.12
TRA-USDT,SPOT,TRA,USDT,,1,0.000001,0.0001,0.4607,160098.631167,0.46
TRB-USDT,SPOT,TRB,USDT,,0.01,0.000001,0.01,35.44,20288.870647,0.35
TRUMP-USDT,SPOT,TRUMP,USDT,,0.1,0.0001,0.001,8.805,2812956.3245,0.88
TRX-USDT,SPOT,TRX,USDT,,1,0.000001,0.00001,0.35167,35515952.813381,0.35
TURBO-USDT,SPOT,TURBO,USDT,,1000,0.01,0.000001,0.004095,294225048.36,4.09
ULTI-USDT,SPOT,ULTI,USDT,,100,0.1,0.000001,0.0021,111164078.3,0.21
UMA-USDT,SPOT,UMA,USDT,,1,0.000001,0.001,1.391,4188055.207784,1.39
UNI-USDT,SPOT,UNI,USDT,,0.1,0.000001,0.001,10.24,1282381.040211,1.02
USDC-USDT,SPOT,USDC,USDT,,1,0.000001,0.0001,0.9998,83712768.165931,1.00
USDG-USDT,SPOT,USDG,USDT,,1,0.0001,0.0001,0.9999,2264.1907,1.00
USTC-USDT,SPOT,USTC,USDT,,100,0.0001,0.00001,0.01346,34280555.335,1.35
UXLINK-USDT,SPOT,UXLINK,USDT,,10,0.01,0.0001,0.3088,3054310.4,3.09
VELO-USDT,SPOT,VELO,USDT,,100,0.000001,0.000001,0.014999,110719350.646437,1.50
VELODROME-USDT,SPOT,VELODROME,USDT,,10,0.0001,0.00001,0.05175,1916302.4672,0.52
VINE-USDT,SPOT,VINE,USDT,,10,0.01,0.00001,0.06728,187660136.01,0.67
VRA-USDT,SPOT,VRA,USDT,,100,0.000001,0.000001,0.001433,252077616.416743,0.14
W-USDT,SPOT,W,USDT,,10,0.0001,0.00001,0.07837,16888605.1044,0.78
WAXP-USDT,SPOT,WAXP,USDT,,100,0.000001,0.00001,0.02036,1578389.189885,2.04
WBTC-USDT,SPOT,WBTC,USDT,,0.0001,0.000001,0.1,113886,1.221823,11.39
WCT-USDT,SPOT,WCT,USDT,,10,0.01,0.0001,0.3045,1017863.99,3.04
WIF-USDT,SPOT,WIF,USDT,,1,0.001,0.0001,0.8376,10956293.747,0.84
WIN-USDT,SPOT,WIN,USDT,,10000,1,0.00000001,0.00006168,494781186,0.62
WLD-USDT,SPOT,WLD,USDT,,1,0.001,0.0001,0.9293,7723390.856,0.93
WOO-USDT,SPOT,WOO,USDT,,10,0.000001,0.00001,0.0736,5435148.178759,0.74
XAUT-USDT,SPOT,XAUT,USDT,,0.001,0.000001,0.1,3343.2,158.535233,3.34
XCH-USDT,SPOT,XCH,USDT,,0.1,0.000001,0.001,9.46,42061.90828,0.95
XLM-USDT,SPOT,XLM,USDT,,10,0.000001,0.00001,0.39756,7940743.254716,3.98
XTZ-USDT,SPOT,XTZ,USDT,,1,0.000001,0.0001,0.7985,636070.863858,0.80
YFI-USDT,SPOT,YFI,USDT,,0.0005,0.000001,1,5470,30.447611,2.73
YGG-USDT,SPOT,YGG,USDT,,10,0.000001,0.0001,0.153,3407491.943772,1.53
ZBCN-USDT,SPOT,ZBCN,USDT,,1000,1,0.0000001,0.0043335,454018691,4.33
ZENT-USDT,SPOT,ZENT,USDT,,100,0.1,0.000001,0.00737,214390786.1,0.74
ZETA-USDT,SPOT,ZETA,USDT,,1,0.001,0.0001,0.1875,1483435.122,0.19
ZEUS-USDT,SPOT,ZEUS,USDT,,10,0.0001,0.0001,0.106,3326426.8373,1.06
ZIL-USDT,SPOT,ZIL,USDT,,100,0.000001,0.00001,0.01106,14044895.592569,1.11
ZK-USDT,SPOT,ZK,USDT,,10,0.01,0.00001,0.06163,18664134.61,0.62
ZKJ-USDT,SPOT,ZKJ,USDT,,1,0.0001,0.0001,0.1948,4647216.3474,0.19
ZRO-USDT,SPOT,ZRO,USDT,,1,0.001,0.001,1.96,687749.044,1.96
ZRX-USDT,SPOT,ZRX,USDT,,10,0.000001,0.0001,0.2418,192467.76246,2.42
ETH-BTC,SPOT,ETH,BTC,,0.0001,0.000001,0.00001,0.03697,17220.636352,0.00
OKB-BTC,SPOT,OKB,BTC,,0.1,0.0001,0.0000001,0.0011709,14218.6193,0.00
SOL-BTC,SPOT,SOL,BTC,,0.001,0.0001,0.0000001,0.0015977,23199.5384,0.00
BCH-BTC,SPOT,BCH,BTC,,0.01,0.0001,0.000001,0.004851,434.3144,0.00
LTC-BTC,SPOT,LTC,BTC,,0.01,0.000001,0.0000001,0.0010106,3234.773063,0.00
STX-BTC,SPOT,STX,BTC,,1,1,0.000000001,0.000005817,5362,0.00
WBTC-BTC,SPOT,WBTC,BTC,,0.0001,0.0001,0.0001,1.001,1.2004,0.00
SOL-ETH,SPOT,SOL,ETH,,0.001,0.0001,0.00001,0.04326,3257.3863,0.00
BETH-ETH,SPOT,BETH,ETH,,0.001,0.000001,0.0001,0.9992,2850.474183,0.00
STETH-ETH,SPOT,STETH,ETH,,0.001,0.000001,0.0001,0.9984,37.784925,0.00
OKSOL-SOL,SPOT,OKSOL,SOL,,0.001,0.000001,0.0001,0.9997,35096.490594,0.00
BTC-USD-SWAP,SWAP,,,BTC,1,1,0.1,113752,11000604,113752.00
ETH-USD-SWAP,SWAP,,,ETH,1,1,0.01,4205.21,115900110,4205.21
SOL-USD-SWAP,SWAP,,,SOL,1,1,0.01,181.84,6992711,181.84
DOGE-USD-SWAP,SWAP,,,DOGE,1,1,0.00001,0.21484,6714215,0.21
XRP-USD-SWAP,SWAP,,,XRP,1,1,0.0001,2.8999,3483888,2.90
ADA-USD-SWAP,SWAP,,,ADA,1,1,0.0001,0.8617,2151704,0.86
AVAX-USD-SWAP,SWAP,,,AVAX,1,1,0.001,22.962,186917,22.96
BCH-USD-SWAP,SWAP,,,BCH,1,1,0.1,551.9,178069,551.90
DOT-USD-SWAP,SWAP,,,DOT,1,1,0.001,3.796,443415,3.80
ETC-USD-SWAP,SWAP,,,ETC,1,1,0.01,20.9,237470,20.90
FIL-USD-SWAP,SWAP,,,FIL,1,1,0.001,2.397,2087293,2.40
LINK-USD-SWAP,SWAP,,,LINK,1,1,0.001,25.325,1456647,25.32
LTC-USD-SWAP,SWAP,,,LTC,1,1,0.01,115,1498057,115.00
SUI-USD-SWAP,SWAP,,,SUI,1,1,0.0001,3.4798,245528,3.48
UNI-USD-SWAP,SWAP,,,UNI,1,1,0.001,10.236,700051,10.24
BTC-USDT-SWAP,SWAP,,,USDT,0.01,0.01,0.1,113755.4,6180947,1137.55
ETH-USDT-SWAP,SWAP,,,USDT,0.01,0.01,0.01,4205.3,55250246.63,42.05
SOL-USDT-SWAP,SWAP,,,USDT,0.01,0.01,0.01,181.89,8945137.98,1.82
TON-USDT-SWAP,SWAP,,,USDT,1,1,0.001,3.247,9351830,3.25
DOGE-USDT-SWAP,SWAP,,,USDT,0.01,0.01,0.00001,0.21479,5201952.03,0.00
XRP-USDT-SWAP,SWAP,,,USDT,0.01,0.01,0.0001,2.8986,2674367.29,0.03
API3-USDT-SWAP,SWAP,,,USDT,1,1,0.0001,1.349,376102333,1.35
PI-USDT-SWAP,SWAP,,,USDT,1,1,0.0001,0.3507,79869369,0.35
1INCH-USDT-SWAP,SWAP,,,USDT,1,1,0.0001,0.2481,28104223,0.25
A-USDT-SWAP,SWAP,,,USDT,1,1,0.0001,0.4932,1296979,0.49
AAVE-USDT-SWAP,SWAP,,,USDT,0.1,0.1,0.01,287.89,3050028.9,28.79
ACE-USDT-SWAP,SWAP,,,USDT,1,1,0.0001,0.5353,1575799,0.54
ACH-USDT-SWAP,SWAP,,,USDT,1,1,0.00001,0.02044,1948843,0.02
ACT-USDT-SWAP,SWAP,,,USDT,1,1,0.00001,0.03917,192249235,0.04
ADA-USDT-SWAP,SWAP,,,USDT,0.1,0.1,0.0001,0.8609,5594013.5,0.09
AERO-USDT-SWAP,SWAP,,,USDT,1,1,0.0001,1.3173,1852524,1.32
AEVO-USDT-SWAP,SWAP,,,USDT,1,1,0.00001,0.09482,26776355,0.09
AGLD-USDT-SWAP,SWAP,,,USDT,1,1,0.0001,0.6863,1905053,0.69
AI16Z-USDT-SWAP,SWAP,,,USDT,1,1,0.0001,0.1181,151123479,0.12
AIXBT-USDT-SWAP,SWAP,,,USDT,1,1,0.00001,0.1086,8921949,0.11
ALCH-USDT-SWAP,SWAP,,,USDT,1,1,0.00001,0.14061,1002929,0.14
ALGO-USDT-SWAP,SWAP,,,USDT,1,1,0.0001,0.2434,4566368,0.24
ANIME-USDT-SWAP,SWAP,,,USDT,1,1,0.00001,0.01644,40312844,0.02
APE-USDT-SWAP,SWAP,,,USDT,1,1,0.0001,0.5983,142217738,0.60
APT-USDT-SWAP,SWAP,,,USDT,1,1,0.001,4.367,6401603,4.37
AR-USDT-SWAP,SWAP,,,USDT,1,1,0.001,6.836,15757374,6.84
ARB-USDT-SWAP,SWAP,,,USDT,0.1,0.1,0.0001,0.4874,19141417.5,0.05
ARC-USDT-SWAP,SWAP,,,USDT,1,1,0.00001,0.02,15255433,0.02
ARKM-USDT-SWAP,SWAP,,,USDT,1,1,0.0001,0.508,9164156,0.51
ATH-USDT-SWAP,SWAP,,,USDT,1,1,0.00001,0.03276,819822,0.03
ATOM-USDT-SWAP,SWAP,,,USDT,1,1,0.001,4.372,2521513,4.37
AUCTION-USDT-SWAP,SWAP,,,USDT,1,1,0.001,9.629,3420639,9.63
AVAX-USDT-SWAP,SWAP,,,USDT,0.1,0.1,0.001,22.958,3361050.1,2.30
AVAAI-USDT-SWAP,SWAP,,,USDT,1,1,0.00001,0.0289,13692018,0.03
AXS-USDT-SWAP,SWAP,,,USDT,1,1,0.001,2.272,15072825,2.27
BABY-USDT-SWAP,SWAP,,,USDT,1,1,0.00001,0.05133,10846392,0.05
BAND-USDT-SWAP,SWAP,,,USDT,1,1,0.0001,0.7624,20456082,0.76
BAT-USDT-SWAP,SWAP,,,USDT,1,1,0.0001,0.1501,2299238,0.15
BCH-USDT-SWAP,SWAP,,,USDT,0.1,0.1,0.1,551.8,876341.2,55.18
BERA-USDT-SWAP,SWAP,,,USDT,1,1,0.001,2.148,90491080,2.15
BICO-USDT-SWAP,SWAP,,,USDT,1,1,0.00001,0.10572,13287068,0.11
BIGTIME-USDT-SWAP,SWAP,,,USDT,1,1,0.00001,0.05405,4904510,0.05
BIO-USDT-SWAP,SWAP,,,USDT,1,1,0.00001,0.16464,1760033878,0.16
BLUR-USDT-SWAP,SWAP,,,USDT,1,1,0.00001,0.07715,4881202,0.08
BNB-USDT-SWAP,SWAP,,,USDT,1,1,0.1,833.1,17901439,833.10
BNT-USDT-SWAP,SWAP,,,USDT,1,1,0.0001,0.767,135813,0.77
BOME-USDT-SWAP,SWAP,,,USDT,1,1,0.000001,0.001767,5088628,0.00
BONK-USDT-SWAP,SWAP,,,USDT,1,1,0.000000001,0.000021615,19282960,0.00
BRETT-USDT-SWAP,SWAP,,,USDT,1,1,0.00001,0.04999,433697,0.05
CAT-USDT-SWAP,SWAP,,,USDT,1,1,0.000000001,0.000007664,6227551,0.00
CATI-USDT-SWAP,SWAP,,,USDT,1,1,0.00001,0.08739,49571070,0.09
CELO-USDT-SWAP,SWAP,,,USDT,1,1,0.0001,0.3187,12369425,0.32
CETUS-USDT-SWAP,SWAP,,,USDT,1,1,0.00001,0.09533,3232084,0.10
CFX-USDT-SWAP,SWAP,,,USDT,1,1,0.00001,0.17476,77408321,0.17
CHZ-USDT-SWAP,SWAP,,,USDT,1,1,0.00001,0.03949,12072733,0.04
COMP-USDT-SWAP,SWAP,,,USDT,1,1,0.01,46.01,1418805,46.01
COOKIE-USDT-SWAP,SWAP,,,USDT,1,1,0.00001,0.13274,3343273,0.13
CORE-USDT-SWAP,SWAP,,,USDT,1,1,0.0001,0.4772,10503372,0.48
CRO-USDT-SWAP,SWAP,,,USDT,1,1,0.00001,0.14381,3645734,0.14
CRV-USDT-SWAP,SWAP,,,USDT,1,1,0.0001,0.8507,133202978,0.85
CTC-USDT-SWAP,SWAP,,,USDT,1,1,0.0001,0.7318,1523449,0.73
CVC-USDT-SWAP,SWAP,,,USDT,1,1,0.00001,0.09117,94696,0.09
CVX-USDT-SWAP,SWAP,,,USDT,1,1,0.001,3.888,533286,3.89
DEGEN-USDT-SWAP,SWAP,,,USDT,1,1,0.000001,0.003505,2470268,0.00
DGB-USDT-SWAP,SWAP,,,USDT,1,1,0.000001,0.008471,337933,0.01
DOGS-USDT-SWAP,SWAP,,,USDT,1,1,0.0000001,0.0001282,17097507,0.00
DOG-USDT-SWAP,SWAP,,,USDT,1,1,0.000001,0.002728,853104,0.00
DOOD-USDT-SWAP,SWAP,,,USDT,1,1,0.000001,0.003082,335192,0.00
DOT-USDT-SWAP,SWAP,,,USDT,1,1,0.001,3.795,15326085,3.79
DUCK-USDT-SWAP,SWAP,,,USDT,1,1,0.000001,0.005528,19260355,0.01
DYDX-USDT-SWAP,SWAP,,,USDT,1,1,0.0001,0.6436,46368613,0.64
EGLD-USDT-SWAP,SWAP,,,USDT,1,1,0.01,14.69,1302062,14.69
EIGEN-USDT-SWAP,SWAP,,,USDT,1,1,0.0001,1.3086,20182708,1.31
ENJ-USDT-SWAP,SWAP,,,USDT,1,1,0.00001,0.06791,1715960,0.07
ENS-USDT-SWAP,SWAP,,,USDT,1,1,0.001,24.596,6004309,24.60
ETC-USDT-SWAP,SWAP,,,USDT,0.01,0.01,0.01,20.9,195903.03,0.21
ETHW-USDT-SWAP,SWAP,,,USDT,1,1,0.001,1.566,6986569,1.57
ETHFI-USDT-SWAP,SWAP,,,USDT,1,1,0.0001,1.0738,46343105,1.07
FARTCOIN-USDT-SWAP,SWAP,,,USDT,1,1,0.0001,0.8867,108173395,0.89
FIL-USDT-SWAP,SWAP,,,USDT,1,1,0.001,2.396,234941817,2.40
FLM-USDT-SWAP,SWAP,,,USDT,1,1,0.00001,0.03042,14306756,0.03
FLOKI-USDT-SWAP,SWAP,,,USDT,1,1,0.00000001,0.00010044,1543511,0.00
FLOW-USDT-SWAP,SWAP,,,USDT,1,1,0.0001,0.3727,1432218,0.37
FXS-USDT-SWAP,SWAP,,,USDT,1,1,0.001,2.786,1112002,2.79
GALA-USDT-SWAP,SWAP,,,USDT,1,1,0.00001,0.01615,89613602,0.02
GAS-USDT-SWAP,SWAP,,,USDT,1,1,0.001,3.291,1640060,3.29
GLM-USDT-SWAP,SWAP,,,USDT,1,1,0.0001,0.2426,707903,0.24
GMT-USDT-SWAP,SWAP,,,USDT,1,1,0.00001,0.04155,100228966,0.04
GMX-USDT-SWAP,SWAP,,,USDT,1,1,0.01,14.94,2281095,14.94
GOAT-USDT-SWAP,SWAP,,,USDT,1,1,0.00001,0.08885,5502018,0.09
GODS-USDT-SWAP,SWAP,,,USDT,1,1,0.00001,0.12538,14035086,0.13
GPS-USDT-SWAP,SWAP,,,USDT,1,1,0.00001,0.01288,12725585,0.01
GRASS-USDT-SWAP,SWAP,,,USDT,1,1,0.0001,0.8233,25305612,0.82
GRIFFAIN-USDT-SWAP,SWAP,,,USDT,1,1,0.00001,0.03669,8009772,0.04
GRT-USDT-SWAP,SWAP,,,USDT,1,1,0.00001,0.09021,8073457,0.09
H-USDT-SWAP,SWAP,,,USDT,1,1,0.00001,0.03121,1960341,0.03
HBAR-USDT-SWAP,SWAP,,,USDT,0.1,0.1,0.00001,0.23427,1415784.3,0.02
HMSTR-USDT-SWAP,SWAP,,,USDT,1,1,0.0000001,0.000703,22733927,0.00
HOME-USDT-SWAP,SWAP,,,USDT,1,1,0.00001,0.0429,1351434,0.04
HUMA-USDT-SWAP,SWAP,,,USDT,1,1,0.00001,0.03252,2225493,0.03
HYPE-USDT-SWAP,SWAP,,,USDT,1,1,0.001,42.12,27550160,42.12
ICP-USDT-SWAP,SWAP,,,USDT,1,1,0.001,5.135,175515766,5.13
ICX-USDT-SWAP,SWAP,,,USDT,1,1,0.00001,0.12644,784622,0.13
IMX-USDT-SWAP,SWAP,,,USDT,1,1,0.0001,0.5402,11285833,0.54
INIT-USDT-SWAP,SWAP,,,USDT,1,1,0.0001,0.367,730393,0.37
INJ-USDT-SWAP,SWAP,,,USDT,1,1,0.001,13.427,14627505,13.43
IOST-USDT-SWAP,SWAP,,,USDT,1,1,0.000001,0.003459,210290,0.00
IOTA-USDT-SWAP,SWAP,,,USDT,1,1,0.0001,0.1956,1728305,0.20
IP-USDT-SWAP,SWAP,,,USDT,1,1,0.0001,5.6881,4220023,5.69
JELLYJELLY-USDT-SWAP,SWAP,,,USDT,1,1,0.00001,0.02,435409,0.02
JOE-USDT-SWAP,SWAP,,,USDT,1,1,0.0001,0.1556,372044,0.16
JST-USDT-SWAP,SWAP,,,USDT,1,1,0.00001,0.03304,164734,0.03
JTO-USDT-SWAP,SWAP,,,USDT,1,1,0.001,1.696,3725949,1.70
JUP-USDT-SWAP,SWAP,,,USDT,1,1,0.0001,0.4897,3558915,0.49
KAITO-USDT-SWAP,SWAP,,,USDT,1,1,0.0001,1.0475,11153494,1.05
KMNO-USDT-SWAP,SWAP,,,USDT,1,1,0.00001,0.05677,604892,0.06
KSM-USDT-SWAP,SWAP,,,USDT,1,1,0.01,14.26,1077789,14.26
LA-USDT-SWAP,SWAP,,,USDT,1,1,0.0001,0.3424,2709674,0.34
LAUNCHCOIN-USDT-SWAP,SWAP,,,USDT,1,1,0.00001,0.04448,28995437,0.04
LAYER-USDT-SWAP,SWAP,,,USDT,1,1,0.0001,0.5559,9531127,0.56
LDO-USDT-SWAP,SWAP,,,USDT,1,1,0.0001,1.3296,65006398,1.33
LINK-USDT-SWAP,SWAP,,,USDT,0.1,0.1,0.001,25.327,22518124,2.53
LPT-USDT-SWAP,SWAP,,,USDT,1,1,0.001,6.245,17419984,6.25
LQTY-USDT-SWAP,SWAP,,,USDT,1,1,0.0001,0.878,3875872,0.88
LRC-USDT-SWAP,SWAP,,,USDT,1,1,0.00001,0.08752,7697974,0.09
LTC-USDT-SWAP,SWAP,,,USDT,0.1,0.1,0.01,114.92,1326672,11.49
LUNA-USDT-SWAP,SWAP,,,USDT,1,1,0.0001,0.1533,13981858,0.15
LUNC-USDT-SWAP,SWAP,,,USDT,1,1,0.00000001,0.00005861,3143025,0.00
MAGIC-USDT-SWAP,SWAP,,,USDT,1,1,0.00001,0.23029,304197136,0.23
MAJOR-USDT-SWAP,SWAP,,,USDT,1,1,0.0001,0.1572,5914667,0.16
MANA-USDT-SWAP,SWAP,,,USDT,1,1,0.0001,0.279,962065,0.28
MASK-USDT-SWAP,SWAP,,,USDT,1,1,0.001,1.233,2593509,1.23
ME-USDT-SWAP,SWAP,,,USDT,1,1,0.0001,0.681,4135676,0.68
MEME-USDT-SWAP,SWAP,,,USDT,1,1,0.000001,0.002377,326183089,0.00
MERL-USDT-SWAP,SWAP,,,USDT,1,1,0.00001,0.11112,27306277,0.11
METIS-USDT-SWAP,SWAP,,,USDT,1,1,0.01,16.62,1718567,16.62
MEW-USDT-SWAP,SWAP,,,USDT,1,1,0.000001,0.002878,1303900,0.00
MINA-USDT-SWAP,SWAP,,,USDT,1,1,0.0001,0.1821,8747957,0.18
MKR-USDT-SWAP,SWAP,,,USDT,0.1,0.1,0.1,1637.6,983383.5,163.76
MOG-USDT-SWAP,SWAP,,,USDT,1,1,0.0000000001,0.0000010594,3771503,0.00
MOODENG-USDT-SWAP,SWAP,,,USDT,1,1,0.00001,0.14811,14968386,0.15
MORPHO-USDT-SWAP,SWAP,,,USDT,1,1,0.0001,2.109,2678145,2.11
MOVE-USDT-SWAP,SWAP,,,USDT,1,1,0.00001,0.12705,5783086,0.13
MUBARAK-USDT-SWAP,SWAP,,,USDT,1,1,0.00001,0.03207,605657,0.03
NEAR-USDT-SWAP,SWAP,,,USDT,0.1,0.1,0.001,2.469,1341730.8,0.25
NEIROETH-USDT-SWAP,SWAP,,,USDT,1,1,0.00001,0.11646,499740,0.12
NEIRO-USDT-SWAP,SWAP,,,USDT,1,1,0.0000001,0.0003599,31357925,0.00
NEO-USDT-SWAP,SWAP,,,USDT,1,1,0.001,6.217,1934879,6.22
NEWT-USDT-SWAP,SWAP,,,USDT,1,1,0.0001,0.3015,1164651,0.30
NMR-USDT-SWAP,SWAP,,,USDT,1,1,0.001,8.23,3940918,8.23
NOT-USDT-SWAP,SWAP,,,USDT,1,1,0.000001,0.001831,18258189,0.00
NXPC-USDT-SWAP,SWAP,,,USDT,1,1,0.0001,0.7696,2498088,0.77
OL-USDT-SWAP,SWAP,,,USDT,1,1,0.00001,0.03735,25865241,0.04
OM-USDT-SWAP,SWAP,,,USDT,0.1,0.1,0.0001,0.2395,2870853.5,0.02
ONDO-USDT-SWAP,SWAP,,,USDT,1,1,0.0001,0.9293,3598819,0.93
ONE-USDT-SWAP,SWAP,,,USDT,1,1,0.000001,0.010611,1250349,0.01
ONT-USDT-SWAP,SWAP,,,USDT,1,1,0.0001,0.1338,753651,0.13
OP-USDT-SWAP,SWAP,,,USDT,1,1,0.0001,0.7076,85470397,0.71
ORBS-USDT-SWAP,SWAP,,,USDT,1,1,0.00001,0.01795,310077,0.02
ORDI-USDT-SWAP,SWAP,,,USDT,1,1,0.001,8.762,40699357,8.76
PARTI-USDT-SWAP,SWAP,,,USDT,1,1,0.0001,0.1749,1279835,0.17
PENGU-USDT-SWAP,SWAP,,,USDT,1,1,0.000001,0.029837,60044255,0.03
PEOPLE-USDT-SWAP,SWAP,,,USDT,1,1,0.00001,0.0185,9903388,0.02
PEPE-USDT-SWAP,SWAP,,,USDT,0.1,0.1,0.000000001,0.000010379,3988136.7,0.00
PERP-USDT-SWAP,SWAP,,,USDT,1,1,0.0001,0.2791,5167704,0.28
PLUME-USDT-SWAP,SWAP,,,USDT,1,1,0.00001,0.08208,9635228,0.08
PNUT-USDT-SWAP,SWAP,,,USDT,1,1,0.0001,0.2144,10583012,0.21
POL-USDT-SWAP,SWAP,,,USDT,1,1,0.0001,0.2377,9257943,0.24
POPCAT-USDT-SWAP,SWAP,,,USDT,1,1,0.0001,0.2744,3303385,0.27
PRCL-USDT-SWAP,SWAP,,,USDT,1,1,0.00001,0.081,43194982,0.08
PROMPT-USDT-SWAP,SWAP,,,USDT,1,1,0.00001,0.12099,3215381,0.12
PUMP-USDT-SWAP,SWAP,,,USDT,1,1,0.000001,0.002991,40871633,0.00
PYTH-USDT-SWAP,SWAP,,,USDT,1,1,0.00001,0.11604,4160585,0.12
QTUM-USDT-SWAP,SWAP,,,USDT,1,1,0.001,2.084,2318699,2.08
RAY-USDT-SWAP,SWAP,,,USDT,1,1,0.0001,3.2342,5278062,3.23
RENDER-USDT-SWAP,SWAP,,,USDT,1,1,0.001,3.599,1859657,3.60
RESOLV-USDT-SWAP,SWAP,,,USDT,1,1,0.0001,0.1511,15052243,0.15
RSR-USDT-SWAP,SWAP,,,USDT,1,1,0.000001,0.00836,4070670,0.01
RVN-USDT-SWAP,SWAP,,,USDT,1,1,0.00001,0.01336,17605040,0.01
S-USDT-SWAP,SWAP,,,USDT,1,1,0.0001,0.3094,7206180,0.31
SAHARA-USDT-SWAP,SWAP,,,USDT,1,1,0.00001,0.0883,17093195,0.09
SAND-USDT-SWAP,SWAP,,,USDT,1,1,0.0001,0.2768,3834273,0.28
SATS-USDT-SWAP,SWAP,,,USDT,1,1,0.00000000001,0.00000003677,51301622,0.00
SCR-USDT-SWAP,SWAP,,,USDT,1,1,0.0001,0.3566,7208841,0.36
SHELL-USDT-SWAP,SWAP,,,USDT,1,1,0.0001,0.1307,1566938,0.13
SHIB-USDT-SWAP,SWAP,,,USDT,0.1,0.1,0.000000001,0.000012317,3132241.4,0.00
SIGN-USDT-SWAP,SWAP,,,USDT,1,1,0.00001,0.06846,157339,0.07
SLP-USDT-SWAP,SWAP,,,USDT,1,1,0.000001,0.001775,78225571,0.00
SNX-USDT-SWAP,SWAP,,,USDT,1,1,0.0001,0.6478,7451091,0.65
SOLV-USDT-SWAP,SWAP,,,USDT,1,1,0.000001,0.044529,247458,0.04
SONIC-USDT-SWAP,SWAP,,,USDT,1,1,0.00001,0.1964,5261608,0.20
SOON-USDT-SWAP,SWAP,,,USDT,1,1,0.00001,0.27203,11676523,0.27
SOPH-USDT-SWAP,SWAP,,,USDT,1,1,0.00001,0.03323,1601421,0.03
SPK-USDT-SWAP,SWAP,,,USDT,1,1,0.00001,0.07617,5984902,0.08
SPX-USDT-SWAP,SWAP,,,USDT,1,1,0.0001,1.3444,5179648,1.34
SSV-USDT-SWAP,SWAP,,,USDT,1,1,0.001,8.464,11768036,8.46
STORJ-USDT-SWAP,SWAP,,,USDT,1,1,0.0001,0.2585,595200,0.26
STRK-USDT-SWAP,SWAP,,,USDT,1,1,0.0001,0.1336,64555404,0.13
STX-USDT-SWAP,SWAP,,,USDT,0.1,0.1,0.0001,0.6617,948276.8,0.07
SUI-USDT-SWAP,SWAP,,,USDT,1,1,0.0001,3.4818,61484631,3.48
SUSHI-USDT-SWAP,SWAP,,,USDT,1,1,0.0001,0.7662,22134254,0.77
SWARMS-USDT-SWAP,SWAP,,,USDT,1,1,0.00001,0.01947,12286251,0.02
SYRUP-USDT-SWAP,SWAP,,,USDT,1,1,0.0001,0.4069,1158663,0.41
T-USDT-SWAP,SWAP,,,USDT,1,1,0.00001,0.01599,637532,0.02
TAO-USDT-SWAP,SWAP,,,USDT,1,1,0.1,346,4313781,346.00
THETA-USDT-SWAP,SWAP,,,USDT,0.1,0.1,0.0001,0.78,401404,0.08
TIA-USDT-SWAP,SWAP,,,USDT,1,1,0.001,1.684,19376600,1.68
TNSR-USDT-SWAP,SWAP,,,USDT,1,1,0.0001,0.1216,9076567,0.12
TRB-USDT-SWAP,SWAP,,,USDT,1,1,0.01,35.41,3791672,35.41
TREE-USDT-SWAP,SWAP,,,USDT,1,1,0.0001,0.3242,28926185,0.32
TRUMP-USDT-SWAP,SWAP,,,USDT,1,1,0.001,8.797,136469342,8.80
TRX-USDT-SWAP,SWAP,,,USDT,0.01,0.01,0.00001,0.35154,241212.99,0.00
TURBO-USDT-SWAP,SWAP,,,USDT,0.1,0.1,0.000001,0.004096,247040.7,0.00
UMA-USDT-SWAP,SWAP,,,USDT,1,1,0.001,1.387,595836464,1.39
UNI-USDT-SWAP,SWAP,,,USDT,1,1,0.001,10.235,9938729,10.23
USDC-USDT-SWAP,SWAP,,,USDT,1,1,0.0001,0.9999,51066,1.00
USELESS-USDT-SWAP,SWAP,,,USDT,1,1,0.0001,0.2738,27891010,0.27
USTC-USDT-SWAP,SWAP,,,USDT,1,1,0.00001,0.01344,1939347,0.01
UXLINK-USDT-SWAP,SWAP,,,USDT,1,1,0.0001,0.3086,763703,0.31
VANA-USDT-SWAP,SWAP,,,USDT,1,1,0.001,4.046,2280099,4.05
VINE-USDT-SWAP,SWAP,,,USDT,1,1,0.00001,0.0672,223267465,0.07
VIRTUAL-USDT-SWAP,SWAP,,,USDT,1,1,0.0001,1.1898,11397236,1.19
W-USDT-SWAP,SWAP,,,USDT,1,1,0.00001,0.07839,80231345,0.08
WAL-USDT-SWAP,SWAP,,,USDT,1,1,0.0001,0.4269,185487,0.43
WAXP-USDT-SWAP,SWAP,,,USDT,1,1,0.00001,0.02037,182409,0.02
WCT-USDT-SWAP,SWAP,,,USDT,1,1,0.0001,0.3042,1567520,0.30
WIF-USDT-SWAP,SWAP,,,USDT,1,1,0.0001,0.8373,97047466,0.84
WLD-USDT-SWAP,SWAP,,,USDT,1,1,0.0001,0.9282,110100273,0.93
WOO-USDT-SWAP,SWAP,,,USDT,1,1,0.00001,0.07358,3078174,0.07
XAUT-USDT-SWAP,SWAP,,,USDT,1,1,0.1,3342,2908440,3342.00
XLM-USDT-SWAP,SWAP,,,USDT,0.1,0.1,0.00001,0.39737,1044531.6,0.04
XTZ-USDT-SWAP,SWAP,,,USDT,1,1,0.0001,0.7986,11875763,0.80
YFI-USDT-SWAP,SWAP,,,USDT,1,1,1,5471,4975653,5471.00
YGG-USDT-SWAP,SWAP,,,USDT,1,1,0.0001,0.1529,36292356,0.15
ZENT-USDT-SWAP,SWAP,,,USDT,1,1,0.000001,0.007351,3003399,0.01
ZEREBRO-USDT-SWAP,SWAP,,,USDT,1,1,0.00001,0.02688,4753713,0.03
ZETA-USDT-SWAP,SWAP,,,USDT,1,1,0.0001,0.1871,471120,0.19
ZIL-USDT-SWAP,SWAP,,,USDT,1,1,0.00001,0.01103,1128434,0.01
ZK-USDT-SWAP,SWAP,,,USDT,1,1,0.00001,0.06153,11582821,0.06
ZRO-USDT-SWAP,SWAP,,,USDT,1,1,0.001,1.959,3648376,1.96
ZRX-USDT-SWAP,SWAP,,,USDT,1,1,0.0001,0.2417,708224,0.24
BTC-USDC-SWAP,SWAP,,,USDC,1,1,0.1,113737.7,6555951,113737.70
ETH-USDC-SWAP,SWAP,,,USDC,1,1,0.01,4205.8,37638324,4205.80
BTC-USD-250822,FUTURES,,,BTC,1,1,0.1,113732,56969,113732.00
BTC-USD-250829,FUTURES,,,BTC,1,1,0.1,113865.6,99955,113865.60
BTC-USD-250926,FUTURES,,,BTC,1,1,0.1,114352,368230,114352.00
BTC-USD-251031,FUTURES,,,BTC,1,1,0.1,115101.8,10956,115101.80
BTC-USD-251226,FUTURES,,,BTC,1,1,0.1,116341.3,373459,116341.30
BTC-USD-260327,FUTURES,,,BTC,1,1,0.1,118345,87515,118345.00
BTC-USD-260626,FUTURES,,,BTC,1,1,0.1,120388.6,17994,120388.60
ETH-USD-250822,FUTURES,,,ETH,1,1,0.01,4203.55,884587,4203.55
ETH-USD-250829,FUTURES,,,ETH,1,1,0.01,4205.69,876749,4205.69
ETH-USD-250926,FUTURES,,,ETH,1,1,0.01,4225.45,2465890,4225.45
ETH-USD-251031,FUTURES,,,ETH,1,1,0.01,4247.61,245479,4247.61
ETH-USD-251226,FUTURES,,,ETH,1,1,0.01,4290.77,3793307,4290.77
ETH-USD-260327,FUTURES,,,ETH,1,1,0.01,4354.48,783856,4354.48
BTC-USDT-250822,FUTURES,,,USDT,0.01,0.01,0.1,113752.7,4860.47,1137.53
BTC-USDT-250829,FUTURES,,,USDT,0.01,0.01,0.1,113834.5,2183.15,1138.35
BTC-USDT-250926,FUTURES,,,USDT,0.01,0.01,0.1,114428.7,8060.15,1144.29
BTC-USDT-251031,FUTURES,,,USDT,0.01,0.01,0.1,115104.8,1652.37,1151.05
BTC-USDT-251226,FUTURES,,,USDT,0.01,0.01,0.1,116284,9878.97,1162.84
BTC-USDT-260327,FUTURES,,,USDT,0.01,0.01,0.1,118217.2,2872.63,1182.17
ETH-USDT-250822,FUTURES,,,USDT,0.01,0.01,0.01,4201.01,17900.85,42.01
ETH-USDT-250829,FUTURES,,,USDT,0.01,0.01,0.01,4205.07,12834.87,42.05
ETH-USDT-250926,FUTURES,,,USDT,0.01,0.01,0.01,4229.4,43018.89,42.29
ETH-USDT-251226,FUTURES,,,USDT,0.01,0.01,0.01,4290.47,31746.3,42.90