instId,instType,baseCcy,quoteCcy,settleCcy,ctVal,ctMult,ctValCcy,optType,stk,listTime,expTime,tickSz,lotSz,minSz,maxSz,maxLmtSz,maxMktSz,maxTwapSz,maxIcebergSz,maxTriggerSz,maxStopSz,last,lastSz,askPx,askSz,bidPx,bidSz,open24h,high24h,low24h,volCcy24h,vol24h,sodUtc0,sodUtc8,ts,minOrderValueUSD
BTC-USD-SWAP,SWAP,,,BTC,100,1,USD,,,1535424203000,,0.1,1,1,,100000000,30000,100000000.0000000000000000,100000000.0000000000000000,100000000.0000000000000000,30000,113752,93,113753.9,3876,113753.8,1717,115318,115859.9,112511,9678.6119,11000604,112819.6,113737.9,1755694245816,113752.00
ETH-USD-SWAP,SWAP,,,ETH,10,1,USD,,,1545378827000,,0.01,1,1,,100000000,300000,100000000.0000000000000000,100000000.0000000000000000,100000000.0000000000000000,300000,4205.21,2,4205.5,290,4205.49,4267,4288.7,4340,4061,277513.185,115900110,4073.6,4190.06,1755694245913,4205.21
SOL-USD-SWAP,SWAP,,,SOL,10,1,USD,,,1637833825870,,0.01,1,1,,100000000,12000,100000000.0000000000000000,100000000.0000000000000000,100000000.0000000000000000,12000,181.84,83,181.85,82,181.84,496,181.5,183.35,175.6,390420.9873,6992711,176.21,177.86,1755694245719,181.84
DOGE-USD-SWAP,SWAP,,,DOGE,10,1,USD,,,1612256400000,,0.00001,1,1,,100000000,30000,100000000.0000000000000000,100000000.0000000000000000,100000000.0000000000000000,30000,0.21484,2,0.2148,293,0.21479,383,0.21935,0.22237,0.20795,314577596.4199,6714215,0.2093,0.21435,1755694245914,0.21
XRP-USD-SWAP,SWAP,,,XRP,10,1,USD,,,1545378827000,,0.0001,1,1,,100000000,40000,100000000.0000000000000000,100000000.0000000000000000,100000000.0000000000000000,40000,2.8999,2,2.8985,212,2.8984,790,3.0085,3.0374,2.8468,11961190.9192,3483888,2.8596,2.9285,1755694245914,2.90
ADA-USD-SWAP,SWAP,,,ADA,10,1,USD,,,1582888608000,,0.0001,1,1,,100000000,10000,100000000.0000000000000000,100000000.0000000000000000,100000000.0000000000000000,10000,0.8617,2,0.8612,661,0.8611,73,0.9254,0.9318,0.835,24819509.6407,2151704,0.8458,0.8704,1755694245926,0.86
AVAX-USD-SWAP,SWAP,,,AVAX,10,1,USD,,,1637833836891,,0.001,1,1,,100000000,5000,100000000.0000000000000000,100000000.0000000000000000,100000000.0000000000000000,5000,22.962,2,22.961,16,22.96,2,23.148,23.479,22.231,82128.8887,186917,22.345,22.774,1755694245918,22.96
BCH-USD-SWAP,SWAP,,,BCH,10,1,USD,,,1545378827000,,0.1,1,1,,100000000,3000,100000000.0000000000000000,100000000.0000000000000000,100000000.0000000000000000,3000,551.9,10,552.1,166,552,275,566.2,567.4,545.5,3216.4452,178069,548.4,554.7,1755694245808,551.90
DOT-USD-SWAP,SWAP,,,DOT,10,1,USD,,,1599041571000,,0.001,1,1,,100000000,10000,100000000.0000000000000000,100000000.0000000000000000,100000000.0000000000000000,10000,3.796,2,3.796,1560,3.795,509,3.862,3.907,3.694,1176279.7266,443415,3.718,3.773,1755694245914,3.80
ETC-USD-SWAP,SWAP,,,ETC,10,1,USD,,,1545378827000,,0.01,1,1,,100000000,7000,100000000.0000000000000000,100000000.0000000000000000,100000000.0000000000000000,7000,20.9,27,20.92,99,20.91,403,21.35,21.51,20.39,114115.5358,237470,20.54,21.02,1755694244922,20.90
FIL-USD-SWAP,SWAP,,,FIL,10,1,USD,,,1607580000000,,0.001,1,1,,100000000,8000,100000000.0000000000000000,100000000.0000000000000000,100000000.0000000000000000,8000,2.397,2,2.397,2526,2.396,790,2.438,2.459,2.349,8741472.5024,2087293,2.36,2.392,1755694245418,2.40
LINK-USD-SWAP,SWAP,,,LINK,10,1,USD,,,1582888608000,,0.001,1,1,,100000000,7000,100000000.0000000000000000,100000000.0000000000000000,100000000.0000000000000000,7000,25.325,2,25.328,5,25.327,22,24.419,25.34,23.356,599848.6403,1456647,23.562,24.268,1755694245917,25.32
LTC-USD-SWAP,SWAP,,,LTC,10,1,USD,,,1545378827000,,0.01,1,1,,100000000,20000,100000000.0000000000000000,100000000.0000000000000000,100000000.0000000000000000,20000,115,13,114.96,181,114.95,121,115.74,116.75,112.18,131272.466,1498057,112.62,113.99,1755694245968,115.00
SUI-USD-SWAP,SWAP,,,SUI,10,1,USD,,,1729234800104,,0.0001,1,1,,100000000,10000,100000000.0000000000000000,100000000.0000000000000000,100000000.0000000000000000,10000,3.4798,4,3.4824,4,3.4818,6,3.5886,3.6017,3.4118,704803.0933,245528,3.4186,3.4898,1755694245918,3.48
UNI-USD-SWAP,SWAP,,,UNI,10,1,USD,,,1600340400000,,0.001,1,1,,100000000,10000,100000000.0000000000000000,100000000.0000000000000000,100000000.0000000000000000,10000,10.236,2,10.236,70,10.235,75,10.421,10.503,9.878,690945.7983,700051,9.946,10.22,1755694245816,10.24
BTC-USDT-SWAP,SWAP,,,USDT,0.01,1,BTC,,,1573557408000,,0.1,0.01,0.01,,100000000,12000,100000000.0000000000000000,100000000.0000000000000000,100000000.0000000000000000,12000,113755.4,0.13,113755.4,931.71,113755.3,257.69,115288.1,115832.9,112507.7,61809.47,6180947,112826,113734,1755694245807,1137.55
ETH-USDT-SWAP,SWAP,,,USDT,0.1,1,ETH,,,1573557408000,,0.01,0.01,0.01,,100000000,20000,100000000.0000000000000000,100000000.0000000000000000,100000000.0000000000000000,20000,4205.3,0.22,4205.3,841.08,4205.29,3491.57,4288.67,4339.96,4060.79,5525024.663,55250246.63,4074.99,4190.41,1755694245965,42.05
SOL-USDT-SWAP,SWAP,,,USDT,1,1,SOL,,,1611298800000,,0.01,0.01,0.01,,100000000,15000,100000000.0000000000000000,100000000.0000000000000000,100000000.0000000000000000,15000,181.89,0.22,181.89,831.26,181.88,200.29,181.48,183.33,175.57,8945137.98,8945137.98,176.12,177.89,1755694245913,1.82
TON-USDT-SWAP,SWAP,,,USDT,1,1,TON,,,1672210451828,,0.001,1,1,,100000000,40000,100000000.0000000000000000,100000000.0000000000000000,100000000.0000000000000000,40000,3.247,1,3.248,5245,3.247,294,3.269,3.286,3.182,9351830,9351830,3.222,3.204,1755694245876,3.25
DOGE-USDT-SWAP,SWAP,,,USDT,1000,1,DOGE,,,1587463971000,,0.00001,0.01,0.01,,100000000,12000,100000000.0000000000000000,100000000.0000000000000000,100000000.0000000000000000,12000,0.21479,23.2,0.2148,193.3,0.21479,258.27,0.21929,0.2223,0.20805,5201952030,5201952.03,0.20936,0.21437,1755694245914,0.00
XRP-USDT-SWAP,SWAP,,,USDT,100,1,XRP,,,1573557408000,,0.0001,0.01,0.01,,100000000,15000,100000000.0000000000000000,100000000.0000000000000000,100000000.0000000000000000,15000,2.8986,0.05,2.8985,73.19,2.8984,133.34,3.0065,3.0372,2.8469,267436729,2674367.29,2.8595,2.9279,1755694245914,0.03
API3-USDT-SWAP,SWAP,,,USDT,1,1,API3,,,1646297716213,,0.0001,1,1,,100000000,14000,100000000.0000000000000000,100000000.0000000000000000,100000000.0000000000000000,14000,1.349,59,1.3491,958,1.349,31,1.5153,1.56,1.2363,376102333,376102333,1.3636,1.3492,1755694245419,1.35
PI-USDT-SWAP,SWAP,,,USDT,1,1,PI,,,1740042000388,,0.0001,1,1,,100000000,100000,100000000.0000000000000000,100000000.0000000000000000,100000000.0000000000000000,100000,0.3507,681,0.3506,12039,0.3505,15405,0.3558,0.3576,0.3411,79869369,79869369,0.3433,0.3519,1755694245816,0.35
1INCH-USDT-SWAP,SWAP,,,USDT,1,1,1INCH,,,1608863400000,,0.0001,1,1,,100000000,130000,100000000.0000000000000000,100000000.0000000000000000,100000000.0000000000000000,130000,0.2481,3,0.2482,2094,0.2481,185,0.2478,0.2515,0.2407,28104223,28104223,0.241,0.245,1755694245305,0.25
A-USDT-SWAP,SWAP,,,USDT,10,1,A,,,1748514600412,,0.0001,1,1,,100000000,20000,100000000.0000000000000000,100000000.0000000000000000,100000000.0000000000000000,20000,0.4932,14,0.4931,76,0.493,194,0.4967,0.5008,0.4792,12969790,1296979,0.4834,0.4912,1755694245609,0.49
AAVE-USDT-SWAP,SWAP,,,USDT,0.1,1,AAVE,,,1607580000000,,0.01,0.1,0.1,,100000000,15000,100000000.0000000000000000,100000000.0000000000000000,100000000.0000000000000000,15000,287.89,9.4,287.87,80.9,287.86,14.9,285.23,292.17,275.62,305002.89,3050028.9,277.25,280.47,1755694245968,28.79
ACE-USDT-SWAP,SWAP,,,USDT,1,1,ACE,,,1702884300614,,0.0001,1,1,,100000000,10000,100000000.0000000000000000,100000000.0000000000000000,100000000.0000000000000000,10000,0.5353,38,0.5352,9,0.535,9,0.5478,0.553,0.5152,1575799,1575799,0.5173,0.5366,1755694245917,0.54
ACH-USDT-SWAP,SWAP,,,USDT,100,1,ACH,,,1708590301084,,0.00001,1,1,,100000000,10000,100000000.0000000000000000,100000000.0000000000000000,100000000.0000000000000000,10000,0.02044,20,0.02044,416,0.02043,28,0.02095,0.02108,0.01978,194884300,1948843,0.01988,0.02044,1755694245813,0.02
ACT-USDT-SWAP,SWAP,,,USDT,1,1,ACT,,,1731582000644,,0.00001,1,1,,100000000,100000,100000000.0000000000000000,100000000.0000000000000000,100000000.0000000000000000,100000,0.03917,2,0.03917,12167,0.03916,12167,0.03995,0.04036,0.03773,192249235,192249235,0.03807,0.0391,1755694245914,0.04
ADA-USDT-SWAP,SWAP,,,USDT,100,1,ADA,,,1582888608000,,0.0001,0.1,0.1,,100000000,10000,100000000.0000000000000000,100000000.0000000000000000,100000000.0000000000000000,10000,0.8609,0.2,0.8609,53.7,0.8608,202.8,0.925,0.9316,0.8364,559401350,5594013.5,0.8459,0.8703,1755694245876,0.09
AERO-USDT-SWAP,SWAP,,,USDT,10,1,AERO,,,1751523300260,,0.0001,1,1,,100000000,10000,100000000.0000000000000000,100000000.0000000000000000,100000000.0000000000000000,10000,1.3173,19,1.3174,30,1.3171,20,1.2798,1.3427,1.2057,18525240,1852524,1.2159,1.2364,1755694245813,1.32
AEVO-USDT-SWAP,SWAP,,,USDT,1,1,AEVO,,,1710325520298,,0.00001,1,1,,100000000,50000,100000000.0000000000000000,100000000.0000000000000000,100000000.0000000000000000,50000,0.09482,736,0.09479,2325,0.09475,608,0.09731,0.09812,0.09083,26776355,26776355,0.09133,0.09471,1755694245876,0.09
AGLD-USDT-SWAP,SWAP,,,USDT,1,1,AGLD,,,1631008650016,,0.0001,1,1,,100000000,54000,100000000.0000000000000000,100000000.0000000000000000,100000000.0000000000000000,54000,0.6863,1,0.6865,65,0.6863,71,0.7069,0.71,0.6658,1905053,1905053,0.6708,0.69,1755694245807,0.69
AI16Z-USDT-SWAP,SWAP,,,USDT,1,1,AI16Z,,,1734686100190,,0.0001,1,1,,100000000,100000,100000000.0000000000000000,100000000.0000000000000000,100000000.0000000000000000,100000,0.1181,1,0.1182,69544,0.1181,79687,0.1225,0.1237,0.1125,151123479,151123479,0.1138,0.1182,1755694245808,0.12
AIXBT-USDT-SWAP,SWAP,,,USDT,10,1,AIXBT,,,1735887600188,,0.00001,1,1,,100000000,20000,100000000.0000000000000000,100000000.0000000000000000,100000000.0000000000000000,20000,0.1086,1,0.1086,301,0.10858,3,0.11381,0.11545,0.10553,89219490,8921949,0.1071,0.11084,1755694245813,0.11
ALCH-USDT-SWAP,SWAP,,,USDT,10,1,ALCH,,,1735888500097,,0.00001,1,1,,100000000,50000,100000000.0000000000000000,100000000.0000000000000000,100000000.0000000000000000,50000,0.14061,2,0.14056,52,0.14054,1,0.14566,0.14572,0.13846,10029290,1002929,0.14132,0.14287,1755694244940,0.14
ALGO-USDT-SWAP,SWAP,,,USDT,10,1,ALGO,,,1587463971000,,0.0001,1,1,,100000000,55000,100000000.0000000000000000,100000000.0000000000000000,100000000.0000000000000000,55000,0.2434,1,0.2435,2313,0.2434,1489,0.2487,0.2518,0.2364,45663680,4566368,0.2378,0.2421,1755694245807,0.24
ANIME-USDT-SWAP,SWAP,,,USDT,10,1,ANIME,,,1737644401356,,0.00001,1,1,,100000000,100000,100000000.0000000000000000,100000000.0000000000000000,100000000.0000000000000000,100000,0.01644,1,0.01645,74436,0.01644,4236,0.01696,0.01709,0.01599,403128440,40312844,0.01607,0.01653,1755694245610,0.02
APE-USDT-SWAP,SWAP,,,USDT,0.1,1,APE,,,1647522059555,,0.0001,1,1,,100000000,420000,100000000.0000000000000000,100000000.0000000000000000,100000000.0000000000000000,420000,0.5983,10,0.5983,2524,0.5982,3426,0.6211,0.6238,0.5857,14221773.8,142217738,0.5871,0.6098,1755694245410,0.60
APT-USDT-SWAP,SWAP,,,USDT,1,1,APT,,,1666142328522,,0.001,1,1,,100000000,55000,100000000.0000000000000000,100000000.0000000000000000,100000000.0000000000000000,55000,4.367,2,4.367,2389,4.366,1330,4.461,4.471,4.267,6401603,6401603,4.296,4.35,1755694245926,4.37
AR-USDT-SWAP,SWAP,,,USDT,0.1,1,AR,,,1676357700186,,0.001,1,1,,100000000,90000,100000000.0000000000000000,100000000.0000000000000000,100000000.0000000000000000,90000,6.836,1,6.836,186,6.835,438,6.942,7.014,6.604,1575737.4,15757374,6.67,6.812,1755694245816,6.84
ARB-USDT-SWAP,SWAP,,,USDT,10,1,ARB,,,1679580094937,,0.0001,0.1,0.1,,100000000,30000,100000000.0000000000000000,100000000.0000000000000000,100000000.0000000000000000,30000,0.4874,0.3,0.4874,1481.6,0.4873,2531.6,0.5007,0.5077,0.4713,191414175,19141417.5,0.4727,0.4902,1755694245807,0.05
ARC-USDT-SWAP,SWAP,,,USDT,10,1,ARC,,,1737716401522,,0.00001,1,1,,100000000,20000,100000000.0000000000000000,100000000.0000000000000000,100000000.0000000000000000,20000,0.02,1036,0.02,719,0.01999,5577,0.02059,0.02075,0.01912,152554330,15255433,0.01931,0.02013,1755694245808,0.02
ARKM-USDT-SWAP,SWAP,,,USDT,1,1,ARKM,,,1732177800122,,0.0001,1,1,,100000000,50000,100000000.0000000000000000,100000000.0000000000000000,100000000.0000000000000000,50000,0.508,2,0.508,89,0.5079,6263,0.5227,0.5281,0.492,9164156,9164156,0.4974,0.5085,1755694245918,0.51
ATH-USDT-SWAP,SWAP,,,USDT,100,1,ATH,,,1718250900308,,0.00001,1,1,,100000000,20000,100000000.0000000000000000,100000000.0000000000000000,100000000.0000000000000000,20000,0.03276,16,0.03275,14,0.03274,3,0.03265,0.03316,0.03131,81982200,819822,0.03146,0.0319,1755694243117,0.03
ATOM-USDT-SWAP,SWAP,,,USDT,1,1,ATOM,,,1573557408000,,0.001,1,1,,100000000,20000,100000000.0000000000000000,100000000.0000000000000000,100000000.0000000000000000,20000,4.372,1,4.372,265,4.371,845,4.402,4.439,4.262,2521513,2521513,4.286,4.335,1755694246011,4.37
AUCTION-USDT-SWAP,SWAP,,,USDT,0.1,1,AUCTION,,,1701417300613,,0.001,1,1,,100000000,100000,100000000.0000000000000000,100000000.0000000000000000,100000000.0000000000000000,100000,9.629,6,9.63,39,9.628,20,9.873,9.935,9.415,342063.9,3420639,9.505,9.753,1755694245926,9.63
AVAX-USDT-SWAP,SWAP,,,USDT,1,1,AVAX,,,1600840800000,,0.001,0.1,0.1,,100000000,15000,100000000.0000000000000000,100000000.0000000000000000,100000000.0000000000000000,15000,22.958,0.2,22.957,49.9,22.956,71.3,23.138,23.471,22.219,3361050.1,3361050.1,22.347,22.772,1755694245808,2.30
AVAAI-USDT-SWAP,SWAP,,,USDT,10,1,AVAAI,,,1737975602080,,0.00001,1,1,,100000000,100000,100000000.0000000000000000,100000000.0000000000000000,100000000.0000000000000000,100000,0.0289,270,0.0289,345,0.02889,713,0.02956,0.02994,0.02763,136920180,13692018,0.02794,0.02894,1755694245968,0.03
AXS-USDT-SWAP,SWAP,,,USDT,0.1,1,AXS,,,1627462800000,,0.001,1,1,,100000000,150000,100000000.0000000000000000,100000000.0000000000000000,100000000.0000000000000000,150000,2.272,4,2.272,10070,2.271,1938,2.297,2.317,2.203,1507282.5,15072825,2.215,2.256,1755694245913,2.27
BABY-USDT-SWAP,SWAP,,,USDT,10,1,BABY,,,1744282800387,,0.00001,1,1,,100000000,100000,100000000.0000000000000000,100000000.0000000000000000,100000000.0000000000000000,100000,0.05133,1,0.05134,772,0.05133,1,0.05283,0.0534,0.05001,108463920,10846392,0.05015,0.05173,1755694245913,0.05
BAND-USDT-SWAP,SWAP,,,USDT,1,1,BAND,,,1599473571000,,0.0001,1,1,,100000000,30000,100000000.0000000000000000,100000000.0000000000000000,100000000.0000000000000000,30000,0.7624,1,0.7625,174,0.7622,132,0.7566,0.8197,0.6792,20456082,20456082,0.6847,0.722,1755694245807,0.76
BAT-USDT-SWAP,SWAP,,,USDT,10,1,BAT,,,1598609571000,,0.0001,1,1,,100000000,23000,100000000.0000000000000000,100000000.0000000000000000,100000000.0000000000000000,23000,0.1501,685,0.1501,2959,0.1499,4035,0.1536,0.1546,0.1461,22992380,2299238,0.1471,0.1505,1755694245968,0.15
BCH-USDT-SWAP,SWAP,,,USDT,0.1,1,BCH,,,1573557408000,,0.1,0.1,0.1,,100000000,20000,100000000.0000000000000000,100000000.0000000000000000,100000000.0000000000000000,20000,551.8,0.3,551.8,129.4,551.7,72.9,566,567.5,545.2,87634.12,876341.2,548,554.9,1755694245968,55.18
BERA-USDT-SWAP,SWAP,,,USDT,0.1,1,BERA,,,1738850401850,,0.001,1,1,,100000000,100000,100000000.0000000000000000,100000000.0000000000000000,100000000.0000000000000000,100000,2.148,1,2.149,9938,2.148,11695,2.27,2.272,2.112,9049108,90491080,2.135,2.177,1755694245226,2.15
BICO-USDT-SWAP,SWAP,,,USDT,1,1,BICO,,,1639032617371,,0.00001,1,1,,100000000,33000,100000000.0000000000000000,100000000.0000000000000000,100000000.0000000000000000,33000,0.10572,21,0.10569,47,0.10567,1631,0.10962,0.10973,0.10122,13287068,13287068,0.10167,0.10565,1755694244818,0.11
BIGTIME-USDT-SWAP,SWAP,,,USDT,10,1,BIGTIME,,,1697115300862,,0.00001,1,1,,100000000,50000,100000000.0000000000000000,100000000.0000000000000000,100000000.0000000000000000,50000,0.05405,92,0.05404,116,0.05403,90,0.05558,0.05621,0.05263,49045100,4904510,0.05307,0.05453,1755694245807,0.05
BIO-USDT-SWAP,SWAP,,,USDT,1,1,BIO,,,1735901100474,,0.00001,1,1,,100000000,100000,100000000.0000000000000000,100000000.0000000000000000,100000000.0000000000000000,100000,0.16464,1,0.1647,2027,0.16468,294,0.1387,0.16586,0.1208,1760033878,1760033878,0.12353,0.13425,1755694245914,0.16
BLUR-USDT-SWAP,SWAP,,,USDT,10,1,BLUR,,,1676429700181,,0.00001,1,1,,100000000,25000,100000000.0000000000000000,100000000.0000000000000000,100000000.0000000000000000,25000,0.07715,59,0.07714,315,0.07712,132,0.07835,0.07905,0.07474,48812020,4881202,0.07525,0.07682,1755694245926,0.08
BNB-USDT-SWAP,SWAP,,,USDT,0.01,1,BNB,,,1671778428049,,0.1,1,1,,100000000,100000,100000000.0000000000000000,100000000.0000000000000000,100000000.0000000000000000,100000,833.1,26,833.2,5995,833.1,726,843,847.4,817.8,179014.39,17901439,823.6,831.5,1755694245934,833.10
BNT-USDT-SWAP,SWAP,,,USDT,10,1,BNT,,,1608620400000,,0.0001,1,1,,100000000,4400,100000000.0000000000000000,100000000.0000000000000000,100000000.0000000000000000,4400,0.767,2,0.7673,20,0.7669,14,0.7778,0.7854,0.7413,1358130,135813,0.7448,0.7606,1755694245967,0.77
BOME-USDT-SWAP,SWAP,,,USDT,1000,1,BOME,,,1723717202042,,0.000001,1,1,,100000000,20000,100000000.0000000000000000,100000000.0000000000000000,100000000.0000000000000000,20000,0.001767,2,0.001767,427,0.001766,5841,0.001792,0.001814,0.001697,5088628000,5088628,0.001713,0.001758,1755694245968,0.00
BONK-USDT-SWAP,SWAP,,,USDT,100000,1,BONK,,,1704695217299,,0.000000001,1,1,,100000000,100000,100000000.0000000000000000,100000000.0000000000000000,100000000.0000000000000000,100000,0.000021615,4,0.000021615,190,0.000021614,47,0.000022419,0.000022658,0.000021227,1928296000000,19282960,0.000021446,0.000021846,1755694245913,0.00
BRETT-USDT-SWAP,SWAP,,,USDT,100,1,BRETT,,,1725617701730,,0.00001,1,1,,100000000,20000,100000000.0000000000000000,100000000.0000000000000000,100000000.0000000000000000,20000,0.04999,7,0.04999,17,0.04998,2,0.05167,0.05234,0.0484,43369700,433697,0.0488,0.05004,1755694244710,0.05
CAT-USDT-SWAP,SWAP,,,USDT,100000,1,CAT,,,1725618600681,,0.000000001,1,1,,100000000,50000,100000000.0000000000000000,100000000.0000000000000000,100000000.0000000000000000,50000,0.000007664,1,0.000007664,68,0.000007663,78,0.00000785,0.000007945,0.000007436,622755100000,6227551,0.000007466,0.000007683,1755694245609,0.00
CATI-USDT-SWAP,SWAP,,,USDT,1,1,CATI,,,1726828200112,,0.00001,1,1,,100000000,100000,100000000.0000000000000000,100000000.0000000000000000,100000000.0000000000000000,100000,0.08739,2,0.08742,1137,0.08738,1806,0.08892,0.08962,0.08428,49571070,49571070,0.08488,0.08681,1755694245918,0.09
CELO-USDT-SWAP,SWAP,,,USDT,1,1,CELO,,,1632477785202,,0.0001,1,1,,100000000,50000,100000000.0000000000000000,100000000.0000000000000000,100000000.0000000000000000,50000,0.3187,38,0.3186,1186,0.3185,1875,0.3231,0.3257,0.3079,12369425,12369425,0.3094,0.3161,1755694245968,0.32
CETUS-USDT-SWAP,SWAP,,,USDT,10,1,CETUS,,,1683716471697,,0.00001,1,1,,100000000,30000,100000000.0000000000000000,100000000.0000000000000000,100000000.0000000000000000,30000,0.09533,86,0.09531,50,0.09527,23,0.10036,0.10145,0.09337,32320840,3232084,0.09362,0.09775,1755694245917,0.10
CFX-USDT-SWAP,SWAP,,,USDT,10,1,CFX,,,1615539600000,,0.00001,1,1,,100000000,120000,100000000.0000000000000000,100000000.0000000000000000,100000000.0000000000000000,120000,0.17476,29,0.17475,222,0.17474,2,0.17282,0.1998,0.16408,774083210,77408321,0.16482,0.1708,1755694245926,0.17
CHZ-USDT-SWAP,SWAP,,,USDT,10,1,CHZ,,,1615539600000,,0.00001,1,1,,100000000,70000,100000000.0000000000000000,100000000.0000000000000000,100000000.0000000000000000,70000,0.03949,169,0.03949,3259,0.03948,1,0.03997,0.04035,0.03847,120727330,12072733,0.03869,0.03901,1755694245807,0.04
COMP-USDT-SWAP,SWAP,,,USDT,0.1,1,COMP,,,1587463971000,,0.01,1,1,,100000000,14000,100000000.0000000000000000,100000000.0000000000000000,100000000.0000000000000000,14000,46.01,2,46.01,120,46,6,46.45,46.75,44.52,141880.5,1418805,44.65,45.53,1755694245876,46.01
COOKIE-USDT-SWAP,SWAP,,,USDT,10,1,COOKIE,,,1737718200560,,0.00001,1,1,,100000000,20000,100000000.0000000000000000,100000000.0000000000000000,100000000.0000000000000000,20000,0.13274,4,0.13274,39,0.13272,1,0.13901,0.14045,0.12813,33432730,3343273,0.12908,0.13463,1755694245813,0.13
CORE-USDT-SWAP,SWAP,,,USDT,1,1,CORE,,,1675864514708,,0.0001,1,1,,100000000,40000,100000000.0000000000000000,100000000.0000000000000000,100000000.0000000000000000,40000,0.4772,1,0.4771,258,0.477,170,0.4778,0.4815,0.4578,10503372,10503372,0.4608,0.4731,1755694245808,0.48
CRO-USDT-SWAP,SWAP,,,USDT,10,1,CRO,,,1617872400000,,0.00001,1,1,,100000000,30000,100000000.0000000000000000,100000000.0000000000000000,100000000.0000000000000000,30000,0.14381,527,0.14377,109,0.14372,13,0.1447,0.14653,0.1354,36457340,3645734,0.13605,0.14164,1755694245816,0.14
CRV-USDT-SWAP,SWAP,,,USDT,1,1,CRV,,,1599214371000,,0.0001,1,1,,100000000,150000,100000000.0000000000000000,100000000.0000000000000000,100000000.0000000000000000,150000,0.8507,325,0.8508,2309,0.8507,940,0.8722,0.8858,0.8178,133202978,133202978,0.8205,0.8602,1755694245807,0.85
CTC-USDT-SWAP,SWAP,,,USDT,10,1,CTC,,,1702540523695,,0.0001,1,1,,100000000,3000,100000000.0000000000000000,100000000.0000000000000000,100000000.0000000000000000,3000,0.7318,1,0.7323,83,0.7318,2,0.7401,0.764,0.7254,15234490,1523449,0.7525,0.7395,1755694244113,0.73
CVC-USDT-SWAP,SWAP,,,USDT,100,1,CVC,,,1607580000000,,0.00001,1,1,,100000000,3000,100000000.0000000000000000,100000000.0000000000000000,100000000.0000000000000000,3000,0.09117,4,0.09117,5,0.09111,10,0.09222,0.0927,0.08851,9469600,94696,0.08912,0.09089,1755694244012,0.09
CVX-USDT-SWAP,SWAP,,,USDT,1,1,CVX,,,1719303900750,,0.001,1,1,,100000000,4000,100000000.0000000000000000,100000000.0000000000000000,100000000.0000000000000000,4000,3.888,12,3.888,12,3.887,14,3.997,4.055,3.737,533286,533286,3.747,3.924,1755694245616,3.89
DEGEN-USDT-SWAP,SWAP,,,USDT,100,1,DEGEN,,,1732176000192,,0.000001,1,1,,100000000,50000,100000000.0000000000000000,100000000.0000000000000000,100000000.0000000000000000,50000,0.003505,1,0.003507,352,0.003505,533,0.003594,0.003646,0.003371,247026800,2470268,0.003396,0.003512,1755694245918,0.00
DGB-USDT-SWAP,SWAP,,,USDT,100,1,DGB,,,1709281500656,,0.000001,1,1,,100000000,10000,100000000.0000000000000000,100000000.0000000000000000,100000000.0000000000000000,10000,0.008471,1,0.008473,9,0.008467,13,0.00854,0.008656,0.008235,33793300,337933,0.008287,0.008455,1755694228905,0.01
DOGS-USDT-SWAP,SWAP,,,USDT,1000,1,DOGS,,,1724675400737,,0.0000001,1,1,,100000000,50000,100000000.0000000000000000,100000000.0000000000000000,100000000.0000000000000000,50000,0.0001282,2,0.0001283,49970,0.0001282,556,0.0001316,0.0001328,0.0001238,17097507000,17097507,0.0001248,0.0001285,1755694245918,0.00
DOG-USDT-SWAP,SWAP,,,USDT,1000,1,DOG,,,1731996004461,,0.000001,1,1,,100000000,20000,100000000.0000000000000000,100000000.0000000000000000,100000000.0000000000000000,20000,0.002728,7,0.00273,32,0.002728,61,0.00289,0.002919,0.002626,853104000,853104,0.002657,0.002787,1755694245419,0.00
DOOD-USDT-SWAP,SWAP,,,USDT,1000,1,DOOD,,,1747051200521,,0.000001,1,1,,100000000,20000,100000000.0000000000000000,100000000.0000000000000000,100000000.0000000000000000,20000,0.003082,3,0.003083,145,0.003081,26,0.003195,0.003232,0.002998,335192000,335192,0.003026,0.003175,1755694245316,0.00
DOT-USDT-SWAP,SWAP,,,USDT,1,1,DOT,,,1598350371000,,0.001,1,1,,100000000,70000,100000000.0000000000000000,100000000.0000000000000000,100000000.0000000000000000,70000,3.795,2,3.796,7454,3.795,1976,3.858,3.906,3.692,15326085,15326085,3.716,3.771,1755694245914,3.79
DUCK-USDT-SWAP,SWAP,,,USDT,100,1,DUCK,,,1737025200797,,0.000001,1,1,,100000000,30000,100000000.0000000000000000,100000000.0000000000000000,100000000.0000000000000000,30000,0.005528,13,0.005528,450,0.005524,206,0.005416,0.005661,0.005275,1926035500,19260355,0.005381,0.005431,1755694245019,0.01
DYDX-USDT-SWAP,SWAP,,,USDT,1,1,DYDX,,,1631117510421,,0.0001,1,1,,100000000,100000,100000000.0000000000000000,100000000.0000000000000000,100000000.0000000000000000,100000,0.6436,2,0.6436,813,0.6435,1095,0.65,0.6622,0.6222,46368613,46368613,0.6258,0.6486,1755694245807,0.64
EGLD-USDT-SWAP,SWAP,,,USDT,0.1,1,EGLD,,,1608620400000,,0.01,1,1,,100000000,15000,100000000.0000000000000000,100000000.0000000000000000,100000000.0000000000000000,15000,14.69,1,14.7,344,14.69,2336,14.88,15.02,14.23,130206.2,1302062,14.35,14.62,1755694245812,14.69
EIGEN-USDT-SWAP,SWAP,,,USDT,1,1,EIGEN,,,1727764200682,,0.0001,1,1,,100000000,20000,100000000.0000000000000000,100000000.0000000000000000,100000000.0000000000000000,20000,1.3086,30,1.3086,343,1.3085,19,1.3117,1.3419,1.251,20182708,20182708,1.2551,1.2916,1755694245509,1.31
ENJ-USDT-SWAP,SWAP,,,USDT,10,1,ENJ,,,1709288701407,,0.00001,1,1,,100000000,20000,100000000.0000000000000000,100000000.0000000000000000,100000000.0000000000000000,20000,0.06791,72,0.06788,299,0.06785,112,0.0684,0.06927,0.06545,17159600,1715960,0.06565,0.06721,1755694245876,0.07
ENS-USDT-SWAP,SWAP,,,USDT,0.1,1,ENS,,,1636623946265,,0.001,1,1,,100000000,60000,100000000.0000000000000000,100000000.0000000000000000,100000000.0000000000000000,60000,24.596,2,24.595,20,24.594,104,25.182,25.392,23.96,600430.9,6004309,24.077,24.688,1755694245816,24.60
ETC-USDT-SWAP,SWAP,,,USDT,10,1,ETC,,,1573557408000,,0.01,0.01,0.01,,100000000,2000,100000000.0000000000000000,100000000.0000000000000000,100000000.0000000000000000,2000,20.9,0.01,20.91,89.67,20.9,176.88,21.36,21.54,20.4,1959030.3,195903.03,20.5,21.02,1755694245622,0.21
ETHW-USDT-SWAP,SWAP,,,USDT,0.1,1,ETHW,,,1663311331635,,0.001,1,1,,100000000,150000,100000000.0000000000000000,100000000.0000000000000000,100000000.0000000000000000,150000,1.566,1,1.567,963,1.566,470,1.594,1.607,1.517,698656.9,6986569,1.526,1.557,1755694245510,1.57
ETHFI-USDT-SWAP,SWAP,,,USDT,1,1,ETHFI,,,1710764700945,,0.0001,1,1,,100000000,20000,100000000.0000000000000000,100000000.0000000000000000,100000000.0000000000000000,20000,1.0738,1,1.0738,1054,1.0737,1,1.1022,1.1191,1.0453,46343105,46343105,1.0483,1.0682,1755694245914,1.07
FARTCOIN-USDT-SWAP,SWAP,,,USDT,1,1,FARTCOIN,,,1734685200393,,0.0001,1,1,,100000000,100000,100000000.0000000000000000,100000000.0000000000000000,100000000.0000000000000000,100000,0.8867,2,0.8868,474,0.8867,288,0.9282,0.9375,0.8504,108173395,108173395,0.853,0.8781,1755694245913,0.89
FIL-USDT-SWAP,SWAP,,,USDT,0.1,1,FIL,,,1565431971000,,0.001,1,1,,100000000,600000,100000000.0000000000000000,100000000.0000000000000000,100000000.0000000000000000,600000,2.396,4,2.396,253096,2.395,88082,2.436,2.457,2.346,23494181.7,234941817,2.358,2.391,1755694245807,2.40
FLM-USDT-SWAP,SWAP,,,USDT,10,1,FLM,,,1601359200000,,0.00001,1,1,,100000000,18000,100000000.0000000000000000,100000000.0000000000000000,100000000.0000000000000000,18000,0.03042,14,0.03044,1930,0.03042,131,0.03102,0.03114,0.02869,143067560,14306756,0.02925,0.03016,1755694245918,0.03
FLOKI-USDT-SWAP,SWAP,,,USDT,100000,1,FLOKI,,,1676876100607,,0.00000001,1,1,,100000000,20000,100000000.0000000000000000,100000000.0000000000000000,100000000.0000000000000000,20000,0.00010044,1,0.00010044,34,0.00010043,76,0.0001023,0.00010363,0.00009707,154351100000,1543511,0.00009817,0.00010018,1755694245926,0.00
FLOW-USDT-SWAP,SWAP,,,USDT,10,1,FLOW,,,1699350900756,,0.0001,1,1,,100000000,15000,100000000.0000000000000000,100000000.0000000000000000,100000000.0000000000000000,15000,0.3727,1,0.3727,556,0.3726,40,0.3811,0.3837,0.3627,14322180,1432218,0.3654,0.3724,1755694245224,0.37
FXS-USDT-SWAP,SWAP,,,USDT,1,1,FXS,,,1705046100655,,0.001,1,1,,100000000,15000,100000000.0000000000000000,100000000.0000000000000000,100000000.0000000000000000,15000,2.786,4,2.788,128,2.787,4,2.71,2.87,2.607,1112002,1112002,2.666,2.667,1755694244711,2.79
GALA-USDT-SWAP,SWAP,,,USDT,10,1,GALA,,,1632477789599,,0.00001,1,1,,100000000,800000,100000000.0000000000000000,100000000.0000000000000000,100000000.0000000000000000,800000,0.01615,121,0.01615,2,0.01614,131652,0.01654,0.01673,0.01565,896136020,89613602,0.01573,0.01616,1755694245807,0.02
GAS-USDT-SWAP,SWAP,,,USDT,1,1,GAS,,,1698141300695,,0.001,1,1,,100000000,6000,100000000.0000000000000000,100000000.0000000000000000,100000000.0000000000000000,6000,3.291,1,3.292,317,3.291,23,3.293,3.352,3.137,1640060,1640060,3.223,3.23,1755694245917,3.29
GLM-USDT-SWAP,SWAP,,,USDT,10,1,GLM,,,1715329501418,,0.0001,1,1,,100000000,20000,100000000.0000000000000000,100000000.0000000000000000,100000000.0000000000000000,20000,0.2426,5,0.2428,1020,0.2426,104,0.2568,0.2576,0.24,7079030,707903,0.2421,0.2514,1755694245713,0.24
GMT-USDT-SWAP,SWAP,,,USDT,1,1,GMT,,,1648803369890,,0.00001,1,1,,100000000,250000,100000000.0000000000000000,100000000.0000000000000000,100000000.0000000000000000,250000,0.04155,2,0.04156,24037,0.04155,54,0.04262,0.04292,0.04026,100228966,100228966,0.04073,0.0418,1755694245968,0.04
GMX-USDT-SWAP,SWAP,,,USDT,0.1,1,GMX,,,1675321542847,,0.01,1,1,,100000000,20000,100000000.0000000000000000,100000000.0000000000000000,100000000.0000000000000000,20000,14.94,1,14.95,1559,14.94,15,15.08,15.22,14.32,228109.5,2281095,14.5,14.76,1755694245619,14.94
GOAT-USDT-SWAP,SWAP,,,USDT,10,1,GOAT,,,1729760401829,,0.00001,1,1,,100000000,20000,100000000.0000000000000000,100000000.0000000000000000,100000000.0000000000000000,20000,0.08885,1,0.08885,45,0.08884,61,0.09022,0.09119,0.08566,55020180,5502018,0.08718,0.08809,1755694245816,0.09
GODS-USDT-SWAP,SWAP,,,USDT,1,1,GODS,,,1636113037912,,0.00001,1,1,,100000000,50000,100000000.0000000000000000,100000000.0000000000000000,100000000.0000000000000000,50000,0.12538,4,0.12538,1992,0.12535,86,0.12297,0.12701,0.11953,14035086,14035086,0.12153,0.12181,1755694245312,0.13
GPS-USDT-SWAP,SWAP,,,USDT,10,1,GPS,,,1741089600468,,0.00001,1,1,,100000000,100000,100000000.0000000000000000,100000000.0000000000000000,100000000.0000000000000000,100000,0.01288,1,0.01289,746,0.01288,3330,0.01369,0.01385,0.01263,127255850,12725585,0.01289,0.01328,1755694245714,0.01
GRASS-USDT-SWAP,SWAP,,,USDT,1,1,GRASS,,,1730125800597,,0.0001,1,1,,100000000,100000,100000000.0000000000000000,100000000.0000000000000000,100000000.0000000000000000,100000,0.8233,142,0.8235,173,0.8232,86,0.7246,0.8286,0.7195,25305612,25305612,0.721,0.7588,1755694245913,0.82
GRIFFAIN-USDT-SWAP,SWAP,,,USDT,10,1,GRIFFAIN,,,1735282800164,,0.00001,1,1,,100000000,50000,100000000.0000000000000000,100000000.0000000000000000,100000000.0000000000000000,50000,0.03669,8,0.0367,134,0.03669,138,0.0379,0.03833,0.03508,80097720,8009772,0.03533,0.03688,1755694245308,0.04
GRT-USDT-SWAP,SWAP,,,USDT,10,1,GRT,,,1608458400000,,0.00001,1,1,,100000000,100000,100000000.0000000000000000,100000000.0000000000000000,100000000.0000000000000000,100000,0.09021,6,0.09022,808,0.0902,67,0.0916,0.09257,0.08758,80734570,8073457,0.08825,0.08961,1755694245807,0.09
H-USDT-SWAP,SWAP,,,USDT,100,1,H,,,1751522400413,,0.00001,1,1,,100000000,10000,100000000.0000000000000000,100000000.0000000000000000,100000000.0000000000000000,10000,0.03121,2,0.0312,64,0.03119,266,0.03276,0.033,0.02973,196034100,1960341,0.02992,0.03159,1755694243709,0.03
HBAR-USDT-SWAP,SWAP,,,USDT,100,1,HBAR,,,1692165300823,,0.00001,0.1,0.1,,100000000,14000,100000000.0000000000000000,100000000.0000000000000000,100000000.0000000000000000,14000,0.23427,0.1,0.23427,14.5,0.23426,13.9,0.2404,0.24278,0.23035,141578430,1415784.3,0.23146,0.2353,1755694245926,0.02
HMSTR-USDT-SWAP,SWAP,,,USDT,100,1,HMSTR,,,1727353800176,,0.0000001,1,1,,100000000,100000,100000000.0000000000000000,100000000.0000000000000000,100000000.0000000000000000,100000,0.000703,2,0.0007029,3163,0.0007028,2,0.0007141,0.0007218,0.0006821,2273392700,22733927,0.0006856,0.0006999,1755694245913,0.00
HOME-USDT-SWAP,SWAP,,,USDT,100,1,HOME,,,1749809700256,,0.00001,1,1,,100000000,50000,100000000.0000000000000000,100000000.0000000000000000,100000000.0000000000000000,50000,0.0429,31,0.04292,84,0.04291,25,0.04307,0.04344,0.04158,135143400,1351434,0.04173,0.04254,1755694244910,0.04
HUMA-USDT-SWAP,SWAP,,,USDT,100,1,HUMA,,,1748266200433,,0.00001,1,1,,100000000,10000,100000000.0000000000000000,100000000.0000000000000000,100000000.0000000000000000,10000,0.03252,1,0.03253,210,0.03252,75,0.0331,0.03391,0.03191,222549300,2225493,0.03223,0.03268,1755694245808,0.03
HYPE-USDT-SWAP,SWAP,,,USDT,0.1,1,HYPE,,,1740121200506,,0.001,1,1,,100000000,50000,100000000.0000000000000000,100000000.0000000000000000,100000000.0000000000000000,50000,42.12,1,42.118,190,42.117,114,43.643,44.14,40.929,2755016,27550160,41.293,42.427,1755694245914,42.12
ICP-USDT-SWAP,SWAP,,,USDT,0.01,1,ICP,,,1620982800000,,0.001,1,1,,100000000,3200000,100000000.0000000000000000,100000000.0000000000000000,100000000.0000000000000000,3200000,5.135,1308,5.135,75062,5.134,264,5.236,5.282,5.01,1755157.66,175515766,5.023,5.131,1755694245918,5.13
ICX-USDT-SWAP,SWAP,,,USDT,10,1,ICX,,,1708687651159,,0.00001,1,1,,100000000,5000,100000000.0000000000000000,100000000.0000000000000000,100000000.0000000000000000,5000,0.12644,12,0.12644,45,0.12641,17,0.12973,0.13062,0.12333,7846220,784622,0.12435,0.12728,1755694245914,0.13
IMX-USDT-SWAP,SWAP,,,USDT,1,1,IMX,,,1637218222034,,0.0001,1,1,,100000000,100000,100000000.0000000000000000,100000000.0000000000000000,100000000.0000000000000000,100000,0.5402,1,0.5403,1183,0.5402,1,0.5513,0.5587,0.5232,11285833,11285833,0.528,0.5399,1755694245914,0.54
INIT-USDT-SWAP,SWAP,,,USDT,10,1,INIT,,,1745494200437,,0.0001,1,1,,100000000,10000,100000000.0000000000000000,100000000.0000000000000000,100000000.0000000000000000,10000,0.367,1,0.3669,32,0.3668,2,0.3763,0.3825,0.3558,7303930,730393,0.3594,0.3696,1755694245807,0.37
INJ-USDT-SWAP,SWAP,,,USDT,0.1,1,INJ,,,1701345300667,,0.001,1,1,,100000000,50000,100000000.0000000000000000,100000000.0000000000000000,100000000.0000000000000000,50000,13.427,1,13.427,88,13.426,180,13.9,14.074,13.145,1462750.5,14627505,13.196,13.632,1755694245968,13.43
IOST-USDT-SWAP,SWAP,,,USDT,1000,1,IOST,,,1587463971000,,0.000001,1,1,,100000000,4200,100000000.0000000000000000,100000000.0000000000000000,100000000.0000000000000000,4200,0.003459,2,0.00346,11,0.003458,237,0.003522,0.003538,0.003368,210290000,210290,0.003392,0.00346,1755694245812,0.00
IOTA-USDT-SWAP,SWAP,,,USDT,10,1,IOTA,,,1587463971000,,0.0001,1,1,,100000000,20000,100000000.0000000000000000,100000000.0000000000000000,100000000.0000000000000000,20000,0.1956,81,0.1957,1809,0.1956,35,0.2012,0.2037,0.1905,17283050,1728305,0.1916,0.1976,1755694245968,0.20
IP-USDT-SWAP,SWAP,,,USDT,1,1,IP,,,1739440801995,,0.0001,1,1,,100000000,20000,100000000.0000000000000000,100000000.0000000000000000,100000000.0000000000000000,20000,5.6881,2,5.6878,75,5.6877,2,5.5687,5.7272,5.43,4220023,4220023,5.5312,5.5652,1755694244611,5.69
JELLYJELLY-USDT-SWAP,SWAP,,,USDT,100,1,JELLYJELLY,,,1743004470352,,0.00001,1,1,,100000000,3500,100000000.0000000000000000,100000000.0000000000000000,100000000.0000000000000000,3500,0.02,1,0.02001,38,0.02,32,0.02048,0.02081,0.01956,43540900,435409,0.01962,0.02058,1755694245113,0.02
JOE-USDT-SWAP,SWAP,,,USDT,10,1,JOE,,,1704966900579,,0.0001,1,1,,100000000,20000,100000000.0000000000000000,100000000.0000000000000000,100000000.0000000000000000,20000,0.1556,18,0.1556,3,0.1555,301,0.159,0.1609,0.1501,3720440,372044,0.1512,0.1563,1755694243116,0.16
JST-USDT-SWAP,SWAP,,,USDT,100,1,JST,,,1599559971000,,0.00001,1,1,,100000000,2000,100000000.0000000000000000,100000000.0000000000000000,100000000.0000000000000000,2000,0.03304,4,0.03306,75,0.03304,120,0.03281,0.03315,0.0321,16473400,164734,0.03226,0.03248,1755694243236,0.03
JTO-USDT-SWAP,SWAP,,,USDT,1,1,JTO,,,1704696900623,,0.001,1,1,,100000000,50000,100000000.0000000000000000,100000000.0000000000000000,100000000.0000000000000000,50000,1.696,1,1.697,5472,1.696,512,1.69,1.706,1.617,3725949,3725949,1.624,1.653,1755694245807,1.70
JUP-USDT-SWAP,SWAP,,,USDT,10,1,JUP,,,1706717100211,,0.0001,1,1,,100000000,20000,100000000.0000000000000000,100000000.0000000000000000,100000000.0000000000000000,20000,0.4897,2,0.4896,242,0.4895,421,0.4978,0.5019,0.4733,35589150,3558915,0.4751,0.4858,1755694245968,0.49
KAITO-USDT-SWAP,SWAP,,,USDT,1,1,KAITO,,,1740060000331,,0.0001,1,1,,100000000,100000,100000000.0000000000000000,100000000.0000000000000000,100000000.0000000000000000,100000,1.0475,2,1.0475,312,1.0474,247,1.0688,1.0786,1.014,11153494,11153494,1.0222,1.0461,1755694245913,1.05
KMNO-USDT-SWAP,SWAP,,,USDT,100,1,KMNO,,,1748575800335,,0.00001,1,1,,100000000,20000,100000000.0000000000000000,100000000.0000000000000000,100000000.0000000000000000,20000,0.05677,4,0.05677,43,0.05676,8,0.05823,0.05875,0.05517,60489200,604892,0.05545,0.05665,1755694245913,0.06
KSM-USDT-SWAP,SWAP,,,USDT,0.1,1,KSM,,,1599559971000,,0.01,1,1,,100000000,22000,100000000.0000000000000000,100000000.0000000000000000,100000000.0000000000000000,22000,14.26,39,14.26,988,14.25,335,14.61,14.74,13.85,107778.9,1077789,13.92,14.27,1755694245415,14.26
LA-USDT-SWAP,SWAP,,,USDT,10,1,LA,,,1749808800320,,0.0001,1,1,,100000000,10000,100000000.0000000000000000,100000000.0000000000000000,100000000.0000000000000000,10000,0.3424,1,0.3425,686,0.3424,60,0.3605,0.3623,0.336,27096740,2709674,0.3389,0.3566,1755694245813,0.34
LAUNCHCOIN-USDT-SWAP,SWAP,,,USDT,10,1,LAUNCHCOIN,,,1748945700339,,0.00001,1,1,,100000000,100000,100000000.0000000000000000,100000000.0000000000000000,100000000.0000000000000000,100000,0.04448,1,0.04448,181,0.04447,4,0.04752,0.0485,0.04224,289954370,28995437,0.0434,0.04418,1755694244744,0.04
LAYER-USDT-SWAP,SWAP,,,USDT,1,1,LAYER,,,1739284200817,,0.0001,1,1,,100000000,100000,100000000.0000000000000000,100000000.0000000000000000,100000000.0000000000000000,100000,0.5559,5,0.5559,178,0.5558,658,0.5597,0.5654,0.5447,9531127,9531127,0.5474,0.5527,1755694245913,0.56
LDO-USDT-SWAP,SWAP,,,USDT,1,1,LDO,,,1675321369323,,0.0001,1,1,,100000000,100000,100000000.0000000000000000,100000000.0000000000000000,100000000.0000000000000000,100000,1.3296,1,1.3296,444,1.3295,632,1.3117,1.3599,1.2606,65006398,65006398,1.2747,1.2808,1755694245917,1.33
LINK-USDT-SWAP,SWAP,,,USDT,1,1,LINK,,,1582888608000,,0.001,0.1,0.1,,100000000,55000,100000000.0000000000000000,100000000.0000000000000000,100000000.0000000000000000,55000,25.327,10,25.328,132.4,25.327,206,24.408,25.342,23.356,22518124,22518124,23.551,24.272,1755694245944,2.53
LPT-USDT-SWAP,SWAP,,,USDT,0.1,1,LPT,,,1619161200000,,0.001,1,1,,100000000,30000,100000000.0000000000000000,100000000.0000000000000000,100000000.0000000000000000,30000,6.245,633,6.247,3037,6.245,6190,6.26,6.329,6.032,1741998.4,17419984,6.081,6.188,1755694245714,6.25
LQTY-USDT-SWAP,SWAP,,,USDT,1,1,LQTY,,,1705053300717,,0.0001,1,1,,100000000,20000,100000000.0000000000000000,100000000.0000000000000000,100000000.0000000000000000,20000,0.878,26,0.8778,56,0.8775,54,0.9042,0.9152,0.8515,3875872,3875872,0.8547,0.8896,1755694245812,0.88
LRC-USDT-SWAP,SWAP,,,USDT,10,1,LRC,,,1599646371000,,0.00001,1,1,,100000000,25000,100000000.0000000000000000,100000000.0000000000000000,100000000.0000000000000000,25000,0.08752,1,0.08754,299,0.08752,1,0.0926,0.09297,0.08573,76979740,7697974,0.08626,0.0907,1755694245876,0.09
LTC-USDT-SWAP,SWAP,,,USDT,1,1,LTC,,,1573557408000,,0.01,0.1,0.1,,100000000,10000,100000000.0000000000000000,100000000.0000000000000000,100000000.0000000000000000,10000,114.92,0.1,114.92,218.7,114.91,11.4,115.7,116.71,112.15,1326672,1326672,112.62,114.07,1755694245968,11.49
LUNA-USDT-SWAP,SWAP,,,USDT,1,1,LUNA,,,1653746082125,,0.0001,1,1,,100000000,100000,100000000.0000000000000000,100000000.0000000000000000,100000000.0000000000000000,100000,0.1533,2,0.1534,9902,0.1533,7680,0.1556,0.1566,0.1486,13981858,13981858,0.1496,0.1526,1755694245808,0.15
LUNC-USDT-SWAP,SWAP,,,USDT,10000,1,LUNC,,,1662706704613,,0.00000001,1,1,,100000000,60000,100000000.0000000000000000,100000000.0000000000000000,100000000.0000000000000000,60000,0.00005861,5,0.00005862,162,0.0000586,559,0.00006005,0.00006037,0.00005722,31430250000,3143025,0.00005763,0.00005881,1755694245917,0.00
MAGIC-USDT-SWAP,SWAP,,,USDT,1,1,MAGIC,,,1675321549791,,0.00001,1,1,,100000000,70000,100000000.0000000000000000,100000000.0000000000000000,100000000.0000000000000000,70000,0.23029,296,0.23029,1412,0.23028,6,0.23026,0.23638,0.22116,304197136,304197136,0.22245,0.22649,1755694245808,0.23
MAJOR-USDT-SWAP,SWAP,,,USDT,1,1,MAJOR,,,1732798800111,,0.0001,1,1,,100000000,100000,100000000.0000000000000000,100000000.0000000000000000,100000000.0000000000000000,100000,0.1572,43,0.1573,2107,0.1572,873,0.1623,0.1635,0.154,5914667,5914667,0.1559,0.1572,1755694242610,0.16
MANA-USDT-SWAP,SWAP,,,USDT,10,1,MANA,,,1615539600000,,0.0001,1,1,,100000000,22000,100000000.0000000000000000,100000000.0000000000000000,100000000.0000000000000000,22000,0.279,1,0.279,171,0.2789,14,0.2828,0.2853,0.2712,9620650,962065,0.2719,0.2781,1755694245918,0.28
MASK-USDT-SWAP,SWAP,,,USDT,1,1,MASK,,,1614841200000,,0.001,1,1,,100000000,45000,100000000.0000000000000000,100000000.0000000000000000,100000000.0000000000000000,45000,1.233,20,1.234,7860,1.233,234,1.254,1.263,1.204,2593509,2593509,1.213,1.232,1755694245913,1.23
ME-USDT-SWAP,SWAP,,,USDT,1,1,ME,,,1733844600107,,0.0001,1,1,,100000000,20000,100000000.0000000000000000,100000000.0000000000000000,100000000.0000000000000000,20000,0.681,8,0.6812,830,0.6811,10,0.6954,0.7005,0.6647,4135676,4135676,0.6691,0.6809,1755694245713,0.68
MEME-USDT-SWAP,SWAP,,,USDT,100,1,MEME,,,1699001700715,,0.000001,1,1,,100000000,100000,100000000.0000000000000000,100000000.0000000000000000,100000000.0000000000000000,100000,0.002377,3464,0.002378,2150,0.002377,30703,0.002004,0.002398,0.001966,32618308900,326183089,0.002086,0.002019,1755694245807,0.00
MERL-USDT-SWAP,SWAP,,,USDT,1,1,MERL,,,1713522300606,,0.00001,1,1,,100000000,100000,100000000.0000000000000000,100000000.0000000000000000,100000000.0000000000000000,100000,0.11112,116,0.11113,119,0.11111,51,0.11299,0.11333,0.10527,27306277,27306277,0.10692,0.11168,1755694245610,0.11
METIS-USDT-SWAP,SWAP,,,USDT,0.1,1,METIS,,,1703757300614,,0.01,1,1,,100000000,10000,100000000.0000000000000000,100000000.0000000000000000,100000000.0000000000000000,10000,16.62,7,16.62,278,16.61,850,17.31,17.5,16.2,171856.7,1718567,16.27,17.11,1755694244710,16.62
MEW-USDT-SWAP,SWAP,,,USDT,1000,1,MEW,,,1713169500531,,0.000001,1,1,,100000000,20000,100000000.0000000000000000,100000000.0000000000000000,100000000.0000000000000000,20000,0.002878,2,0.002878,50,0.002877,183,0.002925,0.002961,0.002775,1303900000,1303900,0.002808,0.002858,1755694245918,0.00
MINA-USDT-SWAP,SWAP,,,USDT,1,1,MINA,,,1623229200000,,0.0001,1,1,,100000000,85000,100000000.0000000000000000,100000000.0000000000000000,100000000.0000000000000000,85000,0.1821,10,0.1822,11372,0.182,12436,0.1852,0.1869,0.1767,8747957,8747957,0.178,0.1814,1755694245807,0.18
MKR-USDT-SWAP,SWAP,,,USDT,0.01,1,MKR,,,1598004771000,,0.1,0.1,0.1,,100000000,7000,100000000.0000000000000000,100000000.0000000000000000,100000000.0000000000000000,7000,1637.6,0.1,1637.7,6.9,1637.6,82.2,1705.6,1719.7,1618.2,9833.835,983383.5,1651.5,1678.4,1755694244911,163.76
MOG-USDT-SWAP,SWAP,,,USDT,1000000,1,MOG,,,1752729300240,,0.0000000001,1,1,,100000000,50000,100000000.0000000000000000,100000000.0000000000000000,100000000.0000000000000000,50000,0.0000010594,15,0.0000010594,189,0.0000010592,1,0.0000010968,0.0000011139,0.000001015,3771503000000,3771503,0.0000010173,0.0000010666,1755694245719,0.00
MOODENG-USDT-SWAP,SWAP,,,USDT,10,1,MOODENG,,,1727938802849,,0.00001,1,1,,100000000,50000,100000000.0000000000000000,100000000.0000000000000000,100000000.0000000000000000,50000,0.14811,1,0.14811,117,0.1481,1,0.15134,0.15258,0.14454,149683860,14968386,0.14539,0.14849,1755694245918,0.15
MORPHO-USDT-SWAP,SWAP,,,USDT,1,1,MORPHO,,,1732528800980,,0.0001,1,1,,100000000,10000,100000000.0000000000000000,100000000.0000000000000000,100000000.0000000000000000,10000,2.109,3,2.1093,27,2.1084,32,2.0472,2.1216,1.9824,2678145,2678145,1.9857,2.0489,1755694245816,2.11
MOVE-USDT-SWAP,SWAP,,,USDT,10,1,MOVE,,,1733749202646,,0.00001,1,1,,100000000,20000,100000000.0000000000000000,100000000.0000000000000000,100000000.0000000000000000,20000,0.12705,1,0.12703,294,0.12701,42,0.13208,0.13337,0.12354,57830860,5783086,0.12578,0.13002,1755694245807,0.13
MUBARAK-USDT-SWAP,SWAP,,,USDT,100,1,MUBARAK,,,1748946600286,,0.00001,1,1,,100000000,20000,100000000.0000000000000000,100000000.0000000000000000,100000000.0000000000000000,20000,0.03207,1,0.03209,78,0.03207,28,0.03337,0.03389,0.03063,60565700,605657,0.03102,0.03258,1755694245913,0.03
NEAR-USDT-SWAP,SWAP,,,USDT,10,1,NEAR,,,1608544800000,,0.001,0.1,0.1,,100000000,10000,100000000.0000000000000000,100000000.0000000000000000,100000000.0000000000000000,10000,2.469,0.2,2.469,593.1,2.468,522.6,2.518,2.545,2.411,13417308,1341730.8,2.42,2.478,1755694245876,0.25
NEIROETH-USDT-SWAP,SWAP,,,USDT,100,1,NEIROETH,,,1725616800257,,0.00001,1,1,,100000000,4000,100000000.0000000000000000,100000000.0000000000000000,100000000.0000000000000000,4000,0.11646,5,0.11647,2,0.11641,1,0.11434,0.11775,0.10407,49974000,499740,0.10607,0.11318,1755694245117,0.12
NEIRO-USDT-SWAP,SWAP,,,USDT,1000,1,NEIRO,,,1727939701217,,0.0000001,1,1,,100000000,100000,100000000.0000000000000000,100000000.0000000000000000,100000000.0000000000000000,100000,0.0003599,2,0.0003599,326,0.0003598,6025,0.00037,0.0003744,0.0003445,31357925000,31357925,0.0003505,0.0003589,1755694245720,0.00
NEO-USDT-SWAP,SWAP,,,USDT,1,1,NEO,,,1582888608000,,0.001,1,1,,100000000,11000,100000000.0000000000000000,100000000.0000000000000000,100000000.0000000000000000,11000,6.217,78,6.216,93,6.214,69,6.072,6.555,5.819,1934879,1934879,5.845,5.945,1755694245914,6.22
NEWT-USDT-SWAP,SWAP,,,USDT,10,1,NEWT,,,1753438500274,,0.0001,1,1,,100000000,20000,100000000.0000000000000000,100000000.0000000000000000,100000000.0000000000000000,20000,0.3015,2,0.3016,44,0.3015,36,0.3037,0.3071,0.2865,11646510,1164651,0.2891,0.2988,1755694244910,0.30
NMR-USDT-SWAP,SWAP,,,USDT,0.1,1,NMR,,,1704959700642,,0.001,1,1,,100000000,10000,100000000.0000000000000000,100000000.0000000000000000,100000000.0000000000000000,10000,8.23,36,8.23,447,8.229,4,8.549,8.6,7.976,394091.8,3940918,8.004,8.355,1755694245917,8.23
NOT-USDT-SWAP,SWAP,,,USDT,100,1,NOT,,,1715862465350,,0.000001,1,1,,100000000,100000,100000000.0000000000000000,100000000.0000000000000000,100000000.0000000000000000,100000,0.001831,5,0.001831,3268,0.00183,7531,0.001875,0.0019,0.001779,1825818900,18258189,0.001791,0.001838,1755694245968,0.00
NXPC-USDT-SWAP,SWAP,,,USDT,1,1,NXPC,,,1748944800562,,0.0001,1,1,,100000000,100000,100000000.0000000000000000,100000000.0000000000000000,100000000.0000000000000000,100000,0.7696,65,0.7694,141,0.7693,65,0.8028,0.8096,0.7378,2498088,2498088,0.7695,0.7875,1755694245807,0.77
OL-USDT-SWAP,SWAP,,,USDT,10,1,OL,,,1732266004408,,0.00001,1,1,,100000000,30000,100000000.0000000000000000,100000000.0000000000000000,100000000.0000000000000000,30000,0.03735,67,0.03735,697,0.03733,699,0.03855,0.0389,0.03535,258652410,25865241,0.03611,0.03766,1755694245968,0.04
OM-USDT-SWAP,SWAP,,,USDT,10,1,OM,,,1708417500167,,0.0001,0.1,0.1,,100000000,1000,100000000.0000000000000000,100000000.0000000000000000,100000000.0000000000000000,1000,0.2395,0.2,0.2396,4535.2,0.2394,1012.2,0.242,0.2442,0.2332,28708535,2870853.5,0.2357,0.2384,1755694245808,0.02
ONDO-USDT-SWAP,SWAP,,,USDT,10,1,ONDO,,,1722940203957,,0.0001,1,1,,100000000,20000,100000000.0000000000000000,100000000.0000000000000000,100000000.0000000000000000,20000,0.9293,1,0.9293,9,0.9292,358,0.9525,0.9612,0.9056,35988190,3598819,0.91,0.9249,1755694245914,0.93
ONE-USDT-SWAP,SWAP,,,USDT,100,1,ONE,,,1708426039038,,0.000001,1,1,,100000000,50000,100000000.0000000000000000,100000000.0000000000000000,100000000.0000000000000000,50000,0.010611,1,0.010614,70,0.010609,267,0.010716,0.010833,0.010159,125034900,1250349,0.010275,0.010502,1755694245305,0.01
ONT-USDT-SWAP,SWAP,,,USDT,10,1,ONT,,,1587463971000,,0.0001,1,1,,100000000,35000,100000000.0000000000000000,100000000.0000000000000000,100000000.0000000000000000,35000,0.1338,4,0.1338,743,0.1337,251,0.1344,0.1353,0.1287,7536510,753651,0.1293,0.1316,1755694245808,0.13
OP-USDT-SWAP,SWAP,,,USDT,1,1,OP,,,1654055717137,,0.0001,1,1,,100000000,250000,100000000.0000000000000000,100000000.0000000000000000,100000000.0000000000000000,250000,0.7076,1,0.7076,8318,0.7075,2381,0.7178,0.7258,0.6822,85470397,85470397,0.6872,0.702,1755694245914,0.71
ORBS-USDT-SWAP,SWAP,,,USDT,100,1,ORBS,,,1697514900740,,0.00001,1,1,,100000000,3000,100000000.0000000000000000,100000000.0000000000000000,100000000.0000000000000000,3000,0.01795,102,0.01796,414,0.01795,1,0.01825,0.0184,0.01765,31007700,310077,0.01769,0.01803,1755694243226,0.02
ORDI-USDT-SWAP,SWAP,,,USDT,0.1,1,ORDI,,,1684662900862,,0.001,1,1,,100000000,120000,100000000.0000000000000000,100000000.0000000000000000,100000000.0000000000000000,120000,8.762,1,8.762,2799,8.761,289,8.875,8.986,8.459,4069935.7,40699357,8.488,8.709,1755694245913,8.76
PARTI-USDT-SWAP,SWAP,,,USDT,10,1,PARTI,,,1742909400471,,0.0001,1,1,,100000000,50000,100000000.0000000000000000,100000000.0000000000000000,100000000.0000000000000000,50000,0.1749,1,0.175,1339,0.1748,3379,0.1781,0.1799,0.1691,12798350,1279835,0.1707,0.1749,1755694245609,0.17
PENGU-USDT-SWAP,SWAP,,,USDT,100,1,PENGU,,,1734450902264,,0.000001,1,1,,100000000,20000,100000000.0000000000000000,100000000.0000000000000000,100000000.0000000000000000,20000,0.029837,2,0.029838,172,0.029837,55,0.031984,0.032524,0.028941,6004425500,60044255,0.029544,0.031229,1755694246012,0.03
PEOPLE-USDT-SWAP,SWAP,,,USDT,100,1,PEOPLE,,,1638427889758,,0.00001,1,1,,100000000,50000,100000000.0000000000000000,100000000.0000000000000000,100000000.0000000000000000,50000,0.0185,1,0.01851,5284,0.0185,204,0.0187,0.01894,0.01779,990338800,9903388,0.01789,0.01829,1755694245309,0.02
PEPE-USDT-SWAP,SWAP,,,USDT,10000000,1,PEPE,,,1683086101049,,0.000000001,0.1,0.1,,100000000,25000,100000000.0000000000000000,100000000.0000000000000000,100000000.0000000000000000,25000,0.000010379,0.1,0.00001038,203.6,0.000010379,86.5,0.000010707,0.000010843,0.000010124,39881367000000,3988136.7,0.000010198,0.000010421,1755694245914,0.00
PERP-USDT-SWAP,SWAP,,,USDT,1,1,PERP,,,1617354000000,,0.0001,1,1,,100000000,25000,100000000.0000000000000000,100000000.0000000000000000,100000000.0000000000000000,25000,0.2791,466,0.279,462,0.2788,816,0.2654,0.2803,0.2538,5167704,5167704,0.2577,0.2599,1755694245208,0.28
PLUME-USDT-SWAP,SWAP,,,USDT,10,1,PLUME,,,1746689400330,,0.00001,1,1,,100000000,50000,100000000.0000000000000000,100000000.0000000000000000,100000000.0000000000000000,50000,0.08208,2,0.08206,8,0.08204,381,0.08709,0.08816,0.0798,96352280,9635228,0.08074,0.0857,1755694245813,0.08
PNUT-USDT-SWAP,SWAP,,,USDT,10,1,PNUT,,,1731382200304,,0.0001,1,1,,100000000,20000,100000000.0000000000000000,100000000.0000000000000000,100000000.0000000000000000,20000,0.2144,2,0.2144,260,0.2143,5477,0.2197,0.2224,0.2072,105830120,10583012,0.2087,0.2152,1755694245807,0.21
POL-USDT-SWAP,SWAP,,,USDT,10,1,POL,,,1727166600128,,0.0001,1,1,,100000000,20000,100000000.0000000000000000,100000000.0000000000000000,100000000.0000000000000000,20000,0.2377,1,0.2377,975,0.2376,395,0.2468,0.253,0.2312,92579430,9257943,0.2316,0.2455,1755694245968,0.24
POPCAT-USDT-SWAP,SWAP,,,USDT,10,1,POPCAT,,,1724922000651,,0.0001,1,1,,100000000,20000,100000000.0000000000000000,100000000.0000000000000000,100000000.0000000000000000,20000,0.2744,32,0.2744,960,0.2743,95,0.2815,0.2842,0.2633,33033850,3303385,0.2673,0.2719,1755694245113,0.27
PRCL-USDT-SWAP,SWAP,,,USDT,1,1,PRCL,,,1713273900088,,0.00001,1,1,,100000000,100000,100000000.0000000000000000,100000000.0000000000000000,100000000.0000000000000000,100000,0.081,15,0.08098,5,0.08096,463,0.08294,0.08413,0.0787,43194982,43194982,0.07988,0.08078,1755694245107,0.08
PROMPT-USDT-SWAP,SWAP,,,USDT,10,1,PROMPT,,,1744291800317,,0.00001,1,1,,100000000,50000,100000000.0000000000000000,100000000.0000000000000000,100000000.0000000000000000,50000,0.12099,7,0.12093,42,0.12088,42,0.12384,0.12523,0.11678,32153810,3215381,0.11896,0.12198,1755694245816,0.12
PUMP-USDT-SWAP,SWAP,,,USDT,1000,1,PUMP,,,1752514200381,,0.000001,1,1,,100000000,20000,100000000.0000000000000000,100000000.0000000000000000,100000000.0000000000000000,20000,0.002991,2,0.002992,1455,0.002991,228,0.002874,0.003068,0.002751,40871633000,40871633,0.002816,0.002782,1755694245714,0.00
PYTH-USDT-SWAP,SWAP,,,USDT,10,1,PYTH,,,1700492100712,,0.00001,1,1,,100000000,25000,100000000.0000000000000000,100000000.0000000000000000,100000000.0000000000000000,25000,0.11604,2,0.11604,478,0.11603,4,0.11867,0.11996,0.11234,41605850,4160585,0.11289,0.11599,1755694245876,0.12
QTUM-USDT-SWAP,SWAP,,,USDT,1,1,QTUM,,,1587463971000,,0.001,1,1,,100000000,17000,100000000.0000000000000000,100000000.0000000000000000,100000000.0000000000000000,17000,2.084,49,2.084,101,2.083,166,2.063,2.133,1.957,2318699,2318699,1.983,2.025,1755694244910,2.08
RAY-USDT-SWAP,SWAP,,,USDT,1,1,RAY,,,1710239100609,,0.0001,1,1,,100000000,20000,100000000.0000000000000000,100000000.0000000000000000,100000000.0000000000000000,20000,3.2342,2,3.2341,244,3.234,75,3.2489,3.2934,3.1131,5278062,5278062,3.1244,3.187,1755694245807,3.23
RENDER-USDT-SWAP,SWAP,,,USDT,1,1,RENDER,,,1723105800136,,0.001,1,1,,100000000,20000,100000000.0000000000000000,100000000.0000000000000000,100000000.0000000000000000,20000,3.599,28,3.599,604,3.598,2,3.7,3.739,3.525,1859657,1859657,3.542,3.598,1755694245913,3.60
RESOLV-USDT-SWAP,SWAP,,,USDT,10,1,RESOLV,,,1749565800438,,0.0001,1,1,,100000000,50000,100000000.0000000000000000,100000000.0000000000000000,100000000.0000000000000000,50000,0.1511,3,0.1511,2176,0.151,7082,0.1618,0.1649,0.1485,150522430,15052243,0.1494,0.1572,1755694245609,0.15
RSR-USDT-SWAP,SWAP,,,USDT,100,1,RSR,,,1599646371000,,0.000001,1,1,,100000000,150000,100000000.0000000000000000,100000000.0000000000000000,100000000.0000000000000000,150000,0.00836,2,0.00836,91,0.008358,2,0.008443,0.008548,0.007982,407067000,4070670,0.008025,0.008203,1755694245816,0.01
RVN-USDT-SWAP,SWAP,,,USDT,10,1,RVN,,,1619161200000,,0.00001,1,1,,100000000,270000,100000000.0000000000000000,100000000.0000000000000000,100000000.0000000000000000,270000,0.01336,1,0.01337,151434,0.01336,2407,0.01353,0.01364,0.013,176050400,17605040,0.01306,0.01327,1755694245807,0.01
S-USDT-SWAP,SWAP,,,USDT,10,1,S,,,1737450000523,,0.0001,1,1,,100000000,20000,100000000.0000000000000000,100000000.0000000000000000,100000000.0000000000000000,20000,0.3094,3,0.3093,572,0.3092,280,0.3251,0.3267,0.3,72061800,7206180,0.3019,0.3161,1755694245817,0.31
SAHARA-USDT-SWAP,SWAP,,,USDT,10,1,SAHARA,,,1750941000359,,0.00001,1,1,,100000000,100000,100000000.0000000000000000,100000000.0000000000000000,100000000.0000000000000000,100000,0.0883,1,0.08829,269,0.08828,640,0.0883,0.08936,0.08461,170931950,17093195,0.08522,0.08645,1755694244827,0.09
SAND-USDT-SWAP,SWAP,,,USDT,10,1,SAND,,,1617354000000,,0.0001,1,1,,100000000,25000,100000000.0000000000000000,100000000.0000000000000000,100000000.0000000000000000,25000,0.2768,2,0.2768,377,0.2767,4491,0.2827,0.2854,0.2694,38342730,3834273,0.2718,0.2769,1755694245918,0.28
SATS-USDT-SWAP,SWAP,,,USDT,10000000,1,SATS,,,1702889700612,,0.00000000001,1,1,,100000000,15000,100000000.0000000000000000,100000000.0000000000000000,100000000.0000000000000000,15000,0.00000003677,511,0.00000003677,6111,0.00000003676,1355,0.00000003783,0.0000000383,0.00000003566,513016220000000,51301622,0.00000003586,0.0000000371,1755694245807,0.00
SCR-USDT-SWAP,SWAP,,,USDT,1,1,SCR,,,1729602002820,,0.0001,1,1,,100000000,100000,100000000.0000000000000000,100000000.0000000000000000,100000000.0000000000000000,100000,0.3566,688,0.3568,1038,0.3567,32,0.3585,0.3631,0.3434,7208841,7208841,0.3456,0.3541,1755694245913,0.36
SHELL-USDT-SWAP,SWAP,,,USDT,10,1,SHELL,,,1740657600557,,0.0001,1,1,,100000000,20000,100000000.0000000000000000,100000000.0000000000000000,100000000.0000000000000000,20000,0.1307,116,0.1307,459,0.1306,378,0.1326,0.1338,0.1254,15669380,1566938,0.1264,0.1308,1755694245808,0.13
SHIB-USDT-SWAP,SWAP,,,USDT,1000000,1,SHIB,,,1620550800000,,0.000000001,0.1,0.1,,100000000000,35000,100000000000.0000000000000000,100000000000.0000000000000000,100000000000.0000000000000000,35000,0.000012317,7.5,0.000012317,871,0.000012316,13.3,0.000012563,0.000012652,0.000012037,3132241400000,3132241.4,0.000012089,0.000012289,1755694245916,0.00
SIGN-USDT-SWAP,SWAP,,,USDT,100,1,SIGN,,,1745839800340,,0.00001,1,1,,100000000,20000,100000000.0000000000000000,100000000.0000000000000000,100000000.0000000000000000,20000,0.06846,9,0.06847,26,0.06843,20,0.06795,0.06869,0.06636,15733900,157339,0.06684,0.06797,1755694245968,0.07
SLP-USDT-SWAP,SWAP,,,USDT,10,1,SLP,,,1629972222770,,0.000001,1,1,,100000000,270000,100000000.0000000000000000,100000000.0000000000000000,100000000.0000000000000000,270000,0.001775,359,0.001776,29685,0.001775,17844,0.00183,0.001866,0.001714,782255710,78225571,0.001727,0.001783,1755694245113,0.00
SNX-USDT-SWAP,SWAP,,,USDT,1,1,SNX,,,1598004771000,,0.0001,1,1,,100000000,35000,100000000.0000000000000000,100000000.0000000000000000,100000000.0000000000000000,35000,0.6478,138,0.6477,95,0.6475,326,0.6685,0.6748,0.6264,7451091,7451091,0.6327,0.653,1755694245807,0.65
SOLV-USDT-SWAP,SWAP,,,USDT,100,1,SOLV,,,1737108900454,,0.000001,1,1,,100000000,9000,100000000.0000000000000000,100000000.0000000000000000,100000000.0000000000000000,9000,0.044529,2,0.04455,11,0.044539,11,0.043801,0.04477,0.042354,24745800,247458,0.042867,0.042971,1755694243564,0.04
SONIC-USDT-SWAP,SWAP,,,USDT,1,1,SONIC,,,1736258400905,,0.00001,1,1,,100000000,100000,100000000.0000000000000000,100000000.0000000000000000,100000000.0000000000000000,100000,0.1964,1,0.19644,48,0.19638,269,0.20026,0.2017,0.19053,5261608,5261608,0.19266,0.19705,1755694245914,0.20
SOON-USDT-SWAP,SWAP,,,USDT,10,1,SOON,,,1747999800456,,0.00001,1,1,,100000000,20000,100000000.0000000000000000,100000000.0000000000000000,100000000.0000000000000000,20000,0.27203,28,0.27201,38,0.272,1,0.26727,0.27764,0.25966,116765230,11676523,0.27015,0.26626,1755694245719,0.27
SOPH-USDT-SWAP,SWAP,,,USDT,100,1,SOPH,,,1748439000413,,0.00001,1,1,,100000000,20000,100000000.0000000000000000,100000000.0000000000000000,100000000.0000000000000000,20000,0.03323,10,0.03324,199,0.03323,83,0.03431,0.03457,0.03228,160142100,1601421,0.03263,0.03356,1755694245918,0.03
SPK-USDT-SWAP,SWAP,,,USDT,100,1,SPK,,,1750156200346,,0.00001,1,1,,100000000,20000,100000000.0000000000000000,100000000.0000000000000000,100000000.0000000000000000,20000,0.07617,1,0.07616,178,0.07615,102,0.07739,0.08024,0.07401,598490200,5984902,0.076,0.07688,1755694245433,0.08
SPX-USDT-SWAP,SWAP,,,USDT,1,1,SPX,,,1752728400453,,0.0001,1,1,,100000000,50000,100000000.0000000000000000,100000000.0000000000000000,100000000.0000000000000000,50000,1.3444,4,1.3443,1,1.3442,72,1.384,1.408,1.2956,5179648,5179648,1.3014,1.3385,1755694245808,1.34
SSV-USDT-SWAP,SWAP,,,USDT,0.1,1,SSV,,,1700711700717,,0.001,1,1,,100000000,50000,100000000.0000000000000000,100000000.0000000000000000,100000000.0000000000000000,50000,8.464,1,8.465,393,8.464,3,8.627,8.694,8.156,1176803.6,11768036,8.197,8.431,1755694245807,8.46
STORJ-USDT-SWAP,SWAP,,,USDT,10,1,STORJ,,,1599646371000,,0.0001,1,1,,100000000,9000,100000000.0000000000000000,100000000.0000000000000000,100000000.0000000000000000,9000,0.2585,5,0.2587,250,0.2586,2,0.2642,0.2661,0.2529,5952000,595200,0.2541,0.2598,1755694244909,0.26
STRK-USDT-SWAP,SWAP,,,USDT,1,1,STRK,,,1708433700141,,0.0001,1,1,,100000000,50000,100000000.0000000000000000,100000000.0000000000000000,100000000.0000000000000000,50000,0.1336,3,0.1336,77944,0.1335,8081,0.1339,0.1355,0.1279,64555404,64555404,0.1294,0.1324,1755694245914,0.13
STX-USDT-SWAP,SWAP,,,USDT,10,1,STX,,,1676969758164,,0.0001,0.1,0.1,,100000000,22000,100000000.0000000000000000,100000000.0000000000000000,100000000.0000000000000000,22000,0.6617,0.2,0.6617,7.6,0.6616,29.7,0.6816,0.6879,0.6411,9482768,948276.8,0.6509,0.6688,1755694245913,0.07
SUI-USDT-SWAP,SWAP,,,USDT,1,1,SUI,,,1683258900891,,0.0001,1,1,,100000000,200000,100000000.0000000000000000,100000000.0000000000000000,100000000.0000000000000000,200000,3.4818,1,3.4819,6,3.4818,4467,3.5839,3.6009,3.4127,61484631,61484631,3.4205,3.4888,1755694245914,3.48
SUSHI-USDT-SWAP,SWAP,,,USDT,1,1,SUSHI,,,1599041571000,,0.0001,1,1,,100000000,150000,100000000.0000000000000000,100000000.0000000000000000,100000000.0000000000000000,150000,0.7662,13,0.7663,625,0.7661,2,0.7785,0.786,0.7407,22134254,22134254,0.7466,0.7639,1755694245913,0.77
SWARMS-USDT-SWAP,SWAP,,,USDT,10,1,SWARMS,,,1737717300103,,0.00001,1,1,,100000000,100000,100000000.0000000000000000,100000000.0000000000000000,100000000.0000000000000000,100000,0.01947,363,0.01947,555,0.01946,1699,0.01974,0.01996,0.01866,122862510,12286251,0.01896,0.01953,1755694245918,0.02
SYRUP-USDT-SWAP,SWAP,,,USDT,10,1,SYRUP,,,1751524200291,,0.0001,1,1,,100000000,20000,100000000.0000000000000000,100000000.0000000000000000,100000000.0000000000000000,20000,0.4069,3,0.407,1020,0.4069,25,0.4122,0.4188,0.3991,11586630,1158663,0.4024,0.4054,1755694245812,0.41
T-USDT-SWAP,SWAP,,,USDT,100,1,T,,,1708676700613,,0.00001,1,1,,100000000,5000,100000000.0000000000000000,100000000.0000000000000000,100000000.0000000000000000,5000,0.01599,1,0.01599,48,0.01598,923,0.01642,0.01655,0.01561,63753200,637532,0.0157,0.01602,1755694245713,0.02
TAO-USDT-SWAP,SWAP,,,USDT,0.01,1,TAO,,,1726808400182,,0.1,1,1,,100000000,25000,100000000.0000000000000000,100000000.0000000000000000,100000000.0000000000000000,25000,346,2,346,416,345.9,1834,354.6,356.7,340,43137.81,4313781,342,347.5,1755694245913,346.00
THETA-USDT-SWAP,SWAP,,,USDT,10,1,THETA,,,1587463971000,,0.0001,0.1,0.1,,100000000,8500,100000000.0000000000000000,100000000.0000000000000000,100000000.0000000000000000,8500,0.78,0.2,0.78,25.4,0.7799,0.2,0.7906,0.8003,0.7571,4014040,401404,0.7623,0.7778,1755694245914,0.08
TIA-USDT-SWAP,SWAP,,,USDT,1,1,TIA,,,1698776700675,,0.001,1,1,,100000000,40000,100000000.0000000000000000,100000000.0000000000000000,100000000.0000000000000000,40000,1.684,454,1.684,9620,1.683,5527,1.731,1.746,1.638,19376600,19376600,1.646,1.688,1755694245813,1.68
TNSR-USDT-SWAP,SWAP,,,USDT,1,1,TNSR,,,1712592120492,,0.0001,1,1,,100000000,50000,100000000.0000000000000000,100000000.0000000000000000,100000000.0000000000000000,50000,0.1216,4,0.1216,416,0.1215,9186,0.1233,0.1244,0.1163,9076567,9076567,0.1176,0.1206,1755694245918,0.12
TRB-USDT-SWAP,SWAP,,,USDT,0.1,1,TRB,,,1599559971000,,0.01,1,1,,100000000,28000,100000000.0000000000000000,100000000.0000000000000000,100000000.0000000000000000,28000,35.41,1,35.42,365,35.41,974,36.15,36.47,34.57,379167.2,3791672,34.71,35.47,1755694245913,35.41
TREE-USDT-SWAP,SWAP,,,USDT,1,1,TREE,,,1753799400400,,0.0001,1,1,,100000000,100000,100000000.0000000000000000,100000000.0000000000000000,100000000.0000000000000000,100000,0.3242,2,0.3241,922,0.324,6987,0.3415,0.3469,0.3158,28926185,28926185,0.3231,0.339,1755694245813,0.32
TRUMP-USDT-SWAP,SWAP,,,USDT,0.1,1,TRUMP,,,1737264604112,,0.001,1,1,,100000000,35000,100000000.0000000000000000,100000000.0000000000000000,100000000.0000000000000000,35000,8.797,1,8.798,6009,8.797,8785,8.965,9.023,8.56,13646934.2,136469342,8.608,8.694,1755694245914,8.80
TRX-USDT-SWAP,SWAP,,,USDT,1000,1,TRX,,,1573557408000,,0.00001,0.01,0.01,,1000000,4000,1000000.0000000000000000,1000000.0000000000000000,1000000.0000000000000000,4000,0.35154,0.02,0.35154,36.01,0.35153,197.29,0.35121,0.3529,0.34564,241212990,241212.99,0.34722,0.34908,1755694245510,0.00
TURBO-USDT-SWAP,SWAP,,,USDT,10000,1,TURBO,,,1702547700612,,0.000001,0.1,0.1,,100000000,2000,100000000.0000000000000000,100000000.0000000000000000,100000000.0000000000000000,2000,0.004096,0.2,0.004096,27.3,0.004095,0.1,0.004241,0.004288,0.004007,2470407000,247040.7,0.004026,0.004149,1755694245816,0.00
UMA-USDT-SWAP,SWAP,,,USDT,0.1,1,UMA,,,1599214371000,,0.001,1,1,,100000000,150000,100000000.0000000000000000,100000000.0000000000000000,100000000.0000000000000000,150000,1.387,50,1.387,1514,1.386,48494,1.371,1.606,1.308,59583646.4,595836464,1.439,1.332,1755694245914,1.39
UNI-USDT-SWAP,SWAP,,,USDT,1,1,UNI,,,1600317000000,,0.001,1,1,,100000000,30000,100000000.0000000000000000,100000000.0000000000000000,100000000.0000000000000000,30000,10.235,1,10.235,707,10.234,401,10.418,10.498,9.907,9938729,9938729,9.946,10.222,1755694245918,10.23
USDC-USDT-SWAP,SWAP,,,USDT,10,1,USDC,,,1678607700793,,0.0001,1,1,,100000000,10000,100000000.0000000000000000,100000000.0000000000000000,100000000.0000000000000000,10000,0.9999,33,1,2739,0.9999,789,0.9997,1.0001,0.9996,510660,51066,0.9999,0.9999,1755694217317,1.00
USELESS-USDT-SWAP,SWAP,,,USDT,10,1,USELESS,,,1753437600380,,0.0001,1,1,,100000000,50000,100000000.0000000000000000,100000000.0000000000000000,100000000.0000000000000000,50000,0.2738,12,0.2739,503,0.2737,442,0.2717,0.2862,0.2436,278910100,27891010,0.269,0.2815,1755694245968,0.27
USTC-USDT-SWAP,SWAP,,,USDT,100,1,USTC,,,1667458491385,,0.00001,1,1,,100000000,25000,100000000.0000000000000000,100000000.0000000000000000,100000000.0000000000000000,25000,0.01344,17,0.01345,365,0.01344,181,0.01388,0.01397,0.01303,193934700,1939347,0.01319,0.0136,1755694245808,0.01
UXLINK-USDT-SWAP,SWAP,,,USDT,10,1,UXLINK,,,1721293204025,,0.0001,1,1,,100000000,6000,100000000.0000000000000000,100000000.0000000000000000,100000000.0000000000000000,6000,0.3086,1,0.3087,149,0.3086,151,0.3186,0.321,0.3044,7637030,763703,0.3065,0.3131,1755694245968,0.31
VANA-USDT-SWAP,SWAP,,,USDT,0.1,1,VANA,,,1734408000582,,0.001,1,1,,100000000,50000,100000000.0000000000000000,100000000.0000000000000000,100000000.0000000000000000,50000,4.046,1,4.046,247,4.044,183,4.157,4.193,3.902,228009.9,2280099,3.961,4.085,1755694245713,4.05
VINE-USDT-SWAP,SWAP,,,USDT,10,1,VINE,,,1737889201529,,0.00001,1,1,,100000000,20000,100000000.0000000000000000,100000000.0000000000000000,100000000.0000000000000000,20000,0.0672,1,0.06721,1099,0.0672,29,0.06974,0.07421,0.06579,2232674650,223267465,0.06785,0.0688,1755694245807,0.07
VIRTUAL-USDT-SWAP,SWAP,,,USDT,1,1,VIRTUAL,,,1733911200140,,0.0001,1,1,,100000000,100000,100000000.0000000000000000,100000000.0000000000000000,100000000.0000000000000000,100000,1.1898,1,1.1899,812,1.1897,41,1.2218,1.2318,1.1481,11397236,11397236,1.1671,1.1827,1755694245918,1.19
W-USDT-SWAP,SWAP,,,USDT,1,1,W,,,1712147100572,,0.00001,1,1,,100000000,50000,100000000.0000000000000000,100000000.0000000000000000,100000000.0000000000000000,50000,0.07839,130,0.07838,4392,0.07837,1,0.07956,0.08036,0.07487,80231345,80231345,0.07519,0.07753,1755694246010,0.08
WAL-USDT-SWAP,SWAP,,,USDT,10,1,WAL,,,1746687600526,,0.0001,1,1,,100000000,20000,100000000.0000000000000000,100000000.0000000000000000,100000000.0000000000000000,20000,0.4269,16,0.4271,2,0.4269,30,0.4349,0.4465,0.4241,1854870,185487,0.4284,0.4335,1755694245913,0.43
WAXP-USDT-SWAP,SWAP,,,USDT,100,1,WAXP,,,1697687700843,,0.00001,1,1,,100000000,4000,100000000.0000000000000000,100000000.0000000000000000,100000000.0000000000000000,4000,0.02037,10,0.02038,147,0.02036,507,0.02034,0.02046,0.01963,18240900,182409,0.01982,0.02001,1755694245807,0.02
WCT-USDT-SWAP,SWAP,,,USDT,10,1,WCT,,,1744716600433,,0.0001,1,1,,100000000,20000,100000000.0000000000000000,100000000.0000000000000000,100000000.0000000000000000,20000,0.3042,1,0.3043,202,0.3042,88,0.3114,0.314,0.2942,15675200,1567520,0.2965,0.3048,1755694245807,0.30
WIF-USDT-SWAP,SWAP,,,USDT,1,1,WIF,,,1713173100603,,0.0001,1,1,,100000000,50000,100000000.0000000000000000,100000000.0000000000000000,100000000.0000000000000000,50000,0.8373,1,0.8374,6947,0.8373,3443,0.8612,0.8687,0.8127,97047466,97047466,0.8259,0.8339,1755694245914,0.84
WLD-USDT-SWAP,SWAP,,,USDT,1,1,WLD,,,1690199721595,,0.0001,1,1,,100000000,50000,100000000.0000000000000000,100000000.0000000000000000,100000000.0000000000000000,50000,0.9282,521,0.9282,13786,0.9281,3142,0.9428,0.9523,0.8934,110100273,110100273,0.9001,0.919,1755694245938,0.93
WOO-USDT-SWAP,SWAP,,,USDT,10,1,WOO,,,1676357700337,,0.00001,1,1,,100000000,50000,100000000.0000000000000000,100000000.0000000000000000,100000000.0000000000000000,50000,0.07358,16,0.07358,45,0.07355,182,0.07567,0.07648,0.07081,30781740,3078174,0.0714,0.07413,1755694245117,0.07
XAUT-USDT-SWAP,SWAP,,,USDT,0.001,1,XAUT,,,1744192800563,,0.1,1,1,,100000000,50000,100000000.0000000000000000,100000000.0000000000000000,100000000.0000000000000000,50000,3342,1,3342.1,38,3342,5915,3337.8,3342.5,3315,2908.44,2908440,3317.5,3324.9,1755694245309,3342.00
XLM-USDT-SWAP,SWAP,,,USDT,100,1,XLM,,,1587463971000,,0.00001,0.1,0.1,,100000000,9000,100000000.0000000000000000,100000000.0000000000000000,100000000.0000000000000000,9000,0.39737,0.2,0.39737,19.2,0.39736,13,0.40637,0.41011,0.38953,104453160,1044531.6,0.39067,0.39781,1755694245967,0.04
XTZ-USDT-SWAP,SWAP,,,USDT,1,1,XTZ,,,1587463971000,,0.0001,1,1,,100000000,70000,100000000.0000000000000000,100000000.0000000000000000,100000000.0000000000000000,70000,0.7986,8,0.7985,425,0.7984,1,0.8114,0.8128,0.7767,11875763,11875763,0.7816,0.7998,1755694245816,0.80
YFI-USDT-SWAP,SWAP,,,USDT,0.0001,1,YFI,,,1599041571000,,1,1,1,,100000000,150000,100000000.0000000000000000,100000000.0000000000000000,100000000.0000000000000000,150000,5471,40,5471,49,5469,609,5549,5580,5303,497.5653,4975653,5341,5466,1755694245814,5471.00
YGG-USDT-SWAP,SWAP,,,USDT,1,1,YGG,,,1628240400000,,0.0001,1,1,,100000000,110000,100000000.0000000000000000,100000000.0000000000000000,100000000.0000000000000000,110000,0.1529,2,0.1529,19070,0.1528,9962,0.1544,0.1558,0.1467,36292356,36292356,0.1488,0.1508,1755694245225,0.15
ZENT-USDT-SWAP,SWAP,,,USDT,100,1,ZENT,,,1715243100398,,0.000001,1,1,,100000000,4000,100000000.0000000000000000,100000000.0000000000000000,100000000.0000000000000000,4000,0.007351,68,0.007352,68,0.007351,3,0.007443,0.007568,0.007261,300339900,3003399,0.007321,0.007513,1755694244814,0.01
ZEREBRO-USDT-SWAP,SWAP,,,USDT,10,1,ZEREBRO,,,1735283702001,,0.00001,1,1,,100000000,50000,100000000.0000000000000000,100000000.0000000000000000,100000000.0000000000000000,50000,0.02688,3,0.02689,969,0.02687,2044,0.02746,0.02769,0.0261,47537130,4753713,0.02621,0.02689,1755694245807,0.03
ZETA-USDT-SWAP,SWAP,,,USDT,10,1,ZETA,,,1706757900607,,0.0001,1,1,,100000000,10000,100000000.0000000000000000,100000000.0000000000000000,100000000.0000000000000000,10000,0.1871,12,0.1873,295,0.1872,26,0.1916,0.193,0.1825,4711200,471120,0.1839,0.1877,1755694244909,0.19
ZIL-USDT-SWAP,SWAP,,,USDT,100,1,ZIL,,,1599646371000,,0.00001,1,1,,100000000,35000,100000000.0000000000000000,100000000.0000000000000000,100000000.0000000000000000,35000,0.01103,28,0.01104,667,0.01103,1320,0.01106,0.01115,0.01065,112843400,1128434,0.01072,0.01087,1755694245305,0.01
ZK-USDT-SWAP,SWAP,,,USDT,10,1,ZK,,,1718699100579,,0.00001,1,1,,100000000,50000,100000000.0000000000000000,100000000.0000000000000000,100000000.0000000000000000,50000,0.06153,1,0.06153,385,0.06152,1,0.06371,0.06467,0.06045,115828210,11582821,0.06101,0.06272,1755694245968,0.06
ZRO-USDT-SWAP,SWAP,,,USDT,1,1,ZRO,,,1718886300653,,0.001,1,1,,100000000,50000,100000000.0000000000000000,100000000.0000000000000000,100000000.0000000000000000,50000,1.959,1,1.96,4198,1.959,9,1.991,2.017,1.906,3648376,3648376,1.914,1.952,1755694245720,1.96
ZRX-USDT-SWAP,SWAP,,,USDT,10,1,ZRX,,,1598004771000,,0.0001,1,1,,100000000,21000,100000000.0000000000000000,100000000.0000000000000000,100000000.0000000000000000,21000,0.2417,94,0.2418,118,0.2417,70,0.246,0.2483,0.2348,7082240,708224,0.2361,0.2411,1755694245720,0.24
BTC-USDC-SWAP,SWAP,,,USDC,0.0001,1,BTC,,,1666076190148,,0.1,1,1,,100000000,85000,100000000.0000000000000000,100000000.0000000000000000,100000000.0000000000000000,85000,113737.7,599,113751.1,735,113751,3335,115317.8,115850,112501.3,655.5951,6555951,112841.1,113754.1,1755694245807,113737.70
ETH-USDC-SWAP,SWAP,,,USDC,0.001,1,ETH,,,1666076197702,,0.01,1,1,,100000000,120000,100000000.0000000000000000,100000000.0000000000000000,100000000.0000000000000000,120000,4205.8,2,4205.3,196,4205.29,1733,4288.8,4339,4060.81,37638.324,37638324,4073.82,4190.01,1755694245926,4205.80