instId,instType,baseCcy,quoteCcy,settleCcy,ctVal,ctMult,ctValCcy,optType,stk,listTime,expTime,tickSz,lotSz,minSz,maxSz,maxLmtSz,maxMktSz,maxTwapSz,maxIcebergSz,maxTriggerSz,maxStopSz,last,lastSz,askPx,askSz,bidPx,bidSz,open24h,high24h,low24h,volCcy24h,vol24h,sodUtc0,sodUtc8,ts,minOrderSize,maxOrderSize,minOrderValue,maxOrderValue
BTC-USD-SWAP,SWAP,,,BTC,100,1,USD,,,1535424203000,,0.1,1,1,,100000000,30000,100000000.0000000000000000,100000000.0000000000000000,100000000.0000000000000000,30000,113760,2,113758.1,3036,113758,2829,115481.9,115859.9,112511,9532.1347,10834616,112819.6,113737.9,1755693510913,,,,
ETH-USD-SWAP,SWAP,,,ETH,10,1,USD,,,1545378827000,,0.01,1,1,,100000000,300000,100000000.0000000000000000,100000000.0000000000000000,100000000.0000000000000000,300000,4194.19,2,4193.91,265,4193.9,4630,4303.21,4340,4061,277521.3237,115915910,4073.6,4190.06,1755693511018,,,,
SOL-USD-SWAP,SWAP,,,SOL,10,1,USD,,,1637833825870,,0.01,1,1,,100000000,12000,100000000.0000000000000000,100000000.0000000000000000,100000000.0000000000000000,12000,181.64,2,181.7,232,181.69,241,182.11,183.35,175.6,388775.5001,6962820,176.21,177.86,1755693511018,,,,
DOGE-USD-SWAP,SWAP,,,DOGE,10,1,USD,,,1612256400000,,0.00001,1,1,,100000000,30000,100000000.0000000000000000,100000000.0000000000000000,100000000.0000000000000000,30000,0.21467,48,0.21458,36,0.21457,1005,0.21979,0.22237,0.20795,320808270.0311,6851131,0.2093,0.21435,1755693511006,,,,
XRP-USD-SWAP,SWAP,,,XRP,10,1,USD,,,1545378827000,,0.0001,1,1,,100000000,40000,100000000.0000000000000000,100000000.0000000000000000,100000000.0000000000000000,40000,2.8965,2,2.896,243,2.8959,410,3.0131,3.0374,2.8468,11993291.9037,3493789,2.8596,2.9285,1755693511006,,,,
ADA-USD-SWAP,SWAP,,,ADA,10,1,USD,,,1582888608000,,0.0001,1,1,,100000000,10000,100000000.0000000000000000,100000000.0000000000000000,100000000.0000000000000000,10000,0.8593,196,0.8591,304,0.859,34,0.9296,0.9318,0.835,24788542.7029,2149723,0.8458,0.8704,1755693511019,,,,
AVAX-USD-SWAP,SWAP,,,AVAX,10,1,USD,,,1637833836891,,0.001,1,1,,100000000,5000,100000000.0000000000000000,100000000.0000000000000000,100000000.0000000000000000,5000,22.902,2,22.904,14,22.9,13,23.204,23.479,22.231,82128.3527,186923,22.345,22.774,1755693511006,,,,
BCH-USD-SWAP,SWAP,,,BCH,10,1,USD,,,1545378827000,,0.1,1,1,,100000000,3000,100000000.0000000000000000,100000000.0000000000000000,100000000.0000000000000000,3000,552.1,2,551.9,596,551.7,120,567.7,568.1,545.5,3253.9191,180207,548.4,554.7,1755693509016,,,,
DOT-USD-SWAP,SWAP,,,DOT,10,1,USD,,,1599041571000,,0.001,1,1,,100000000,10000,100000000.0000000000000000,100000000.0000000000000000,100000000.0000000000000000,10000,3.788,2,3.789,666,3.788,257,3.866,3.907,3.694,1174855.6486,442883,3.718,3.773,1755693511006,,,,
ETC-USD-SWAP,SWAP,,,ETC,10,1,USD,,,1545378827000,,0.01,1,1,,100000000,7000,100000000.0000000000000000,100000000.0000000000000000,100000000.0000000000000000,7000,20.87,2,20.87,301,20.86,432,21.39,21.51,20.39,113620.6479,236438,20.54,21.02,1755693510709,,,,
FIL-USD-SWAP,SWAP,,,FIL,10,1,USD,,,1607580000000,,0.001,1,1,,100000000,8000,100000000.0000000000000000,100000000.0000000000000000,100000000.0000000000000000,8000,2.397,2,2.397,2289,2.396,288,2.445,2.459,2.349,8782896.8084,2097616,2.36,2.392,1755693510804,,,,
LINK-USD-SWAP,SWAP,,,LINK,10,1,USD,,,1582888608000,,0.001,1,1,,100000000,7000,100000000.0000000000000000,100000000.0000000000000000,100000000.0000000000000000,7000,25.054,2,25.058,31,25.055,72,24.532,25.26,23.356,597154.2078,1449725,23.562,24.268,1755693511007,,,,
LTC-USD-SWAP,SWAP,,,LTC,10,1,USD,,,1545378827000,,0.01,1,1,,100000000,20000,100000000.0000000000000000,100000000.0000000000000000,100000000.0000000000000000,20000,114.81,7,114.77,48,114.76,542,115.77,116.75,112.18,131746.909,1503573,112.62,113.99,1755693511018,,,,
SUI-USD-SWAP,SWAP,,,SUI,10,1,USD,,,1729234800104,,0.0001,1,1,,100000000,10000,100000000.0000000000000000,100000000.0000000000000000,100000000.0000000000000000,10000,3.482,1,3.4787,6,3.4782,14,3.6051,3.6064,3.4118,715999.7904,249566,3.4186,3.4898,1755693510913,,,,
UNI-USD-SWAP,SWAP,,,UNI,10,1,USD,,,1600340400000,,0.001,1,1,,100000000,10000,100000000.0000000000000000,100000000.0000000000000000,100000000.0000000000000000,10000,10.226,28,10.224,79,10.223,35,10.447,10.503,9.878,691364.4031,700528,9.946,10.22,1755693510710,,,,
BTC-USDT-SWAP,SWAP,,,USDT,0.01,1,BTC,,,1573557408000,,0.1,0.01,0.01,,100000000,12000,100000000.0000000000000000,100000000.0000000000000000,100000000.0000000000000000,12000,113749.1,0.41,113749.1,340.88,113749,501.16,115453.3,115832.9,112507.7,61668.0863,6166808.63,112826,113734,1755693511006,,,,
ETH-USDT-SWAP,SWAP,,,USDT,0.1,1,ETH,,,1573557408000,,0.01,0.01,0.01,,100000000,20000,100000000.0000000000000000,100000000.0000000000000000,100000000.0000000000000000,20000,4193.44,0.47,4193.45,705.5,4193.44,1136.5,4302.57,4339.96,4060.79,5527598.315,55275983.15,4074.99,4190.41,1755693511084,,,,
SOL-USDT-SWAP,SWAP,,,USDT,1,1,SOL,,,1611298800000,,0.01,0.01,0.01,,100000000,15000,100000000.0000000000000000,100000000.0000000000000000,100000000.0000000000000000,15000,181.72,0.99,181.72,5.61,181.71,1118.48,182.1,183.33,175.57,8930234.71,8930234.71,176.12,177.89,1755693511017,,,,
TON-USDT-SWAP,SWAP,,,USDT,1,1,TON,,,1672210451828,,0.001,1,1,,100000000,40000,100000000.0000000000000000,100000000.0000000000000000,100000000.0000000000000000,40000,3.245,2,3.246,3061,3.245,1267,3.275,3.286,3.182,9355524,9355524,3.222,3.204,1755693511018,,,,
DOGE-USDT-SWAP,SWAP,,,USDT,1000,1,DOGE,,,1587463971000,,0.00001,0.01,0.01,,100000000,12000,100000000.0000000000000000,100000000.0000000000000000,100000000.0000000000000000,12000,0.21454,2.18,0.21454,8.62,0.21453,292.27,0.21979,0.2223,0.20805,5197013160,5197013.16,0.20936,0.21437,1755693511006,,,,
XRP-USDT-SWAP,SWAP,,,USDT,100,1,XRP,,,1573557408000,,0.0001,0.01,0.01,,100000000,15000,100000000.0000000000000000,100000000.0000000000000000,100000000.0000000000000000,15000,2.896,0.36,2.896,8.13,2.8959,206.16,3.0108,3.0372,2.8469,267403206,2674032.06,2.8595,2.9279,1755693510804,,,,
API3-USDT-SWAP,SWAP,,,USDT,1,1,API3,,,1646297716213,,0.0001,1,1,,100000000,14000,100000000.0000000000000000,100000000.0000000000000000,100000000.0000000000000000,14000,1.3477,5,1.3479,28,1.3477,364,1.4899,1.56,1.2363,378472841,378472841,1.3636,1.3492,1755693510969,,,,
PI-USDT-SWAP,SWAP,,,USDT,1,1,PI,,,1740042000388,,0.0001,1,1,,100000000,100000,100000000.0000000000000000,100000000.0000000000000000,100000000.0000000000000000,100000,0.3502,220,0.3502,14268,0.3501,17,0.3566,0.3576,0.3411,80287631,80287631,0.3433,0.3519,1755693510315,,,,
1INCH-USDT-SWAP,SWAP,,,USDT,1,1,1INCH,,,1608863400000,,0.0001,1,1,,100000000,130000,100000000.0000000000000000,100000000.0000000000000000,100000000.0000000000000000,130000,0.2479,169,0.2479,1713,0.2478,1382,0.2481,0.2515,0.2407,28263723,28263723,0.241,0.245,1755693510631,,,,
A-USDT-SWAP,SWAP,,,USDT,10,1,A,,,1748514600412,,0.0001,1,1,,100000000,20000,100000000.0000000000000000,100000000.0000000000000000,100000000.0000000000000000,20000,0.4923,4,0.4922,214,0.4921,6,0.4973,0.5008,0.4792,12955850,1295585,0.4834,0.4912,1755693509609,,,,
AAVE-USDT-SWAP,SWAP,,,USDT,0.1,1,AAVE,,,1607580000000,,0.01,0.1,0.1,,100000000,15000,100000000.0000000000000000,100000000.0000000000000000,100000000.0000000000000000,15000,287.28,0.1,287.27,20,287.26,84.8,286.28,292.17,275.62,304480.21,3044802.1,277.25,280.47,1755693511019,,,,
ACE-USDT-SWAP,SWAP,,,USDT,1,1,ACE,,,1702884300614,,0.0001,1,1,,100000000,10000,100000000.0000000000000000,100000000.0000000000000000,100000000.0000000000000000,10000,0.5349,2,0.5348,9,0.5347,20,0.5493,0.553,0.5152,1573791,1573791,0.5173,0.5366,1755693510434,,,,
ACH-USDT-SWAP,SWAP,,,USDT,100,1,ACH,,,1708590301084,,0.00001,1,1,,100000000,10000,100000000.0000000000000000,100000000.0000000000000000,100000000.0000000000000000,10000,0.02041,2,0.02041,592,0.0204,42,0.02098,0.02108,0.01978,193180300,1931803,0.01988,0.02044,1755693510811,,,,
ACT-USDT-SWAP,SWAP,,,USDT,1,1,ACT,,,1731582000644,,0.00001,1,1,,100000000,100000,100000000.0000000000000000,100000000.0000000000000000,100000000.0000000000000000,100000,0.03915,2,0.03914,11651,0.03913,44809,0.03997,0.04036,0.03773,192345568,192345568,0.03807,0.0391,1755693510519,,,,
ADA-USDT-SWAP,SWAP,,,USDT,100,1,ADA,,,1582888608000,,0.0001,0.1,0.1,,100000000,10000,100000000.0000000000000000,100000000.0000000000000000,100000000.0000000000000000,10000,0.8587,0.4,0.8588,6.5,0.8587,255.3,0.9297,0.9319,0.8364,560305350,5603053.5,0.8459,0.8703,1755693511018,,,,
AERO-USDT-SWAP,SWAP,,,USDT,10,1,AERO,,,1751523300260,,0.0001,1,1,,100000000,10000,100000000.0000000000000000,100000000.0000000000000000,100000000.0000000000000000,10000,1.307,1,1.3071,26,1.3068,32,1.2867,1.3427,1.2057,18397500,1839750,1.2159,1.2364,1755693511018,,,,
AEVO-USDT-SWAP,SWAP,,,USDT,1,1,AEVO,,,1710325520298,,0.00001,1,1,,100000000,50000,100000000.0000000000000000,100000000.0000000000000000,100000000.0000000000000000,50000,0.09482,241,0.09481,240,0.09477,413,0.09774,0.09812,0.09083,26831878,26831878,0.09133,0.09471,1755693511019,,,,
AGLD-USDT-SWAP,SWAP,,,USDT,1,1,AGLD,,,1631008650016,,0.0001,1,1,,100000000,54000,100000000.0000000000000000,100000000.0000000000000000,100000000.0000000000000000,54000,0.6856,1,0.6855,7,0.6853,89,0.7067,0.71,0.6658,1903182,1903182,0.6708,0.69,1755693510715,,,,
AI16Z-USDT-SWAP,SWAP,,,USDT,1,1,AI16Z,,,1734686100190,,0.0001,1,1,,100000000,100000,100000000.0000000000000000,100000000.0000000000000000,100000000.0000000000000000,100000,0.1179,2,0.118,122611,0.1178,153303,0.1227,0.1237,0.1125,151004216,151004216,0.1138,0.1182,1755693511103,,,,
AIXBT-USDT-SWAP,SWAP,,,USDT,10,1,AIXBT,,,1735887600188,,0.00001,1,1,,100000000,20000,100000000.0000000000000000,100000000.0000000000000000,100000000.0000000000000000,20000,0.10839,85,0.10839,374,0.10838,258,0.11422,0.11545,0.10553,88598170,8859817,0.1071,0.11084,1755693511019,,,,
ALCH-USDT-SWAP,SWAP,,,USDT,10,1,ALCH,,,1735888500097,,0.00001,1,1,,100000000,50000,100000000.0000000000000000,100000000.0000000000000000,100000000.0000000000000000,50000,0.14193,2,0.14192,85,0.14189,47,0.14481,0.14576,0.13846,10018430,1001843,0.14132,0.14287,1755693510716,,,,
ALGO-USDT-SWAP,SWAP,,,USDT,10,1,ALGO,,,1587463971000,,0.0001,1,1,,100000000,55000,100000000.0000000000000000,100000000.0000000000000000,100000000.0000000000000000,55000,0.2429,2,0.2429,97,0.2428,1552,0.2492,0.2518,0.2364,45420090,4542009,0.2378,0.2421,1755693511018,,,,
ANIME-USDT-SWAP,SWAP,,,USDT,10,1,ANIME,,,1737644401356,,0.00001,1,1,,100000000,100000,100000000.0000000000000000,100000000.0000000000000000,100000000.0000000000000000,100000,0.01645,3,0.01645,46102,0.01644,47379,0.017,0.01709,0.01599,401961170,40196117,0.01607,0.01653,1755693511006,,,,
APE-USDT-SWAP,SWAP,,,USDT,0.1,1,APE,,,1647522059555,,0.0001,1,1,,100000000,420000,100000000.0000000000000000,100000000.0000000000000000,100000000.0000000000000000,420000,0.598,2,0.5981,1891,0.598,1420,0.6213,0.6238,0.5857,14566593.8,145665938,0.5871,0.6098,1755693511018,,,,
APT-USDT-SWAP,SWAP,,,USDT,1,1,APT,,,1666142328522,,0.001,1,1,,100000000,55000,100000000.0000000000000000,100000000.0000000000000000,100000000.0000000000000000,55000,4.356,2,4.356,42,4.355,3525,4.468,4.474,4.267,6384720,6384720,4.296,4.35,1755693510909,,,,
AR-USDT-SWAP,SWAP,,,USDT,0.1,1,AR,,,1676357700186,,0.001,1,1,,100000000,90000,100000000.0000000000000000,100000000.0000000000000000,100000000.0000000000000000,90000,6.824,25,6.824,284,6.823,889,6.961,7.014,6.604,1569513,15695130,6.67,6.812,1755693511109,,,,
ARB-USDT-SWAP,SWAP,,,USDT,10,1,ARB,,,1679580094937,,0.0001,0.1,0.1,,100000000,30000,100000000.0000000000000000,100000000.0000000000000000,100000000.0000000000000000,30000,0.4861,50.7,0.4861,0.2,0.486,1781.4,0.5025,0.5077,0.4713,191617445,19161744.5,0.4727,0.4902,1755693511006,,,,
ARC-USDT-SWAP,SWAP,,,USDT,10,1,ARC,,,1737716401522,,0.00001,1,1,,100000000,20000,100000000.0000000000000000,100000000.0000000000000000,100000000.0000000000000000,20000,0.01997,820,0.01998,4041,0.01997,1330,0.02066,0.02075,0.01912,151650630,15165063,0.01931,0.02013,1755693510920,,,,
ARKM-USDT-SWAP,SWAP,,,USDT,1,1,ARKM,,,1732177800122,,0.0001,1,1,,100000000,50000,100000000.0000000000000000,100000000.0000000000000000,100000000.0000000000000000,50000,0.5082,77,0.5082,783,0.5081,10,0.5235,0.5281,0.492,9130506,9130506,0.4974,0.5085,1755693509610,,,,
ATH-USDT-SWAP,SWAP,,,USDT,100,1,ATH,,,1718250900308,,0.00001,1,1,,100000000,20000,100000000.0000000000000000,100000000.0000000000000000,100000000.0000000000000000,20000,0.03269,3,0.03267,2,0.03265,154,0.0327,0.03316,0.03131,81156300,811563,0.03146,0.0319,1755693510308,,,,
ATOM-USDT-SWAP,SWAP,,,USDT,1,1,ATOM,,,1573557408000,,0.001,1,1,,100000000,20000,100000000.0000000000000000,100000000.0000000000000000,100000000.0000000000000000,20000,4.37,2,4.37,1016,4.369,371,4.413,4.439,4.262,2522880,2522880,4.286,4.335,1755693511013,,,,
AUCTION-USDT-SWAP,SWAP,,,USDT,0.1,1,AUCTION,,,1701417300613,,0.001,1,1,,100000000,100000,100000000.0000000000000000,100000000.0000000000000000,100000000.0000000000000000,100000,9.624,2,9.624,81,9.623,23,9.894,9.935,9.415,341168.4,3411684,9.505,9.753,1755693511019,,,,
AVAX-USDT-SWAP,SWAP,,,USDT,1,1,AVAX,,,1600840800000,,0.001,0.1,0.1,,100000000,15000,100000000.0000000000000000,100000000.0000000000000000,100000000.0000000000000000,15000,22.894,0.2,22.895,0.1,22.894,470.6,23.201,23.471,22.219,3357068.5,3357068.5,22.347,22.772,1755693511006,,,,
AVAAI-USDT-SWAP,SWAP,,,USDT,10,1,AVAAI,,,1737975602080,,0.00001,1,1,,100000000,100000,100000000.0000000000000000,100000000.0000000000000000,100000000.0000000000000000,100000,0.02883,209,0.02883,270,0.02882,529,0.02958,0.02994,0.02763,137012260,13701226,0.02794,0.02894,1755693511020,,,,
AXS-USDT-SWAP,SWAP,,,USDT,0.1,1,AXS,,,1627462800000,,0.001,1,1,,100000000,150000,100000000.0000000000000000,100000000.0000000000000000,100000000.0000000000000000,150000,2.27,2,2.271,4378,2.27,4979,2.302,2.317,2.203,1505306.9,15053069,2.215,2.256,1755693511018,,,,
BABY-USDT-SWAP,SWAP,,,USDT,10,1,BABY,,,1744282800387,,0.00001,1,1,,100000000,100000,100000000.0000000000000000,100000000.0000000000000000,100000000.0000000000000000,100000,0.05134,10,0.05135,363,0.05133,590,0.05295,0.0534,0.05001,108175820,10817582,0.05015,0.05173,1755693509809,,,,
BAND-USDT-SWAP,SWAP,,,USDT,1,1,BAND,,,1599473571000,,0.0001,1,1,,100000000,30000,100000000.0000000000000000,100000000.0000000000000000,100000000.0000000000000000,30000,0.7643,3,0.7646,1216,0.7643,140,0.7547,0.8197,0.6792,20275947,20275947,0.6847,0.722,1755693510519,,,,
BAT-USDT-SWAP,SWAP,,,USDT,10,1,BAT,,,1598609571000,,0.0001,1,1,,100000000,23000,100000000.0000000000000000,100000000.0000000000000000,100000000.0000000000000000,23000,0.1496,108,0.1497,1498,0.1496,617,0.1538,0.1546,0.1461,22880990,2288099,0.1471,0.1505,1755693511020,,,,
BCH-USDT-SWAP,SWAP,,,USDT,0.1,1,BCH,,,1573557408000,,0.1,0.1,0.1,,100000000,20000,100000000.0000000000000000,100000000.0000000000000000,100000000.0000000000000000,20000,551.4,0.9,551.5,29.9,551.4,195.5,567.4,567.7,545.2,87341.06,873410.6,548,554.9,1755693511019,,,,
BERA-USDT-SWAP,SWAP,,,USDT,0.1,1,BERA,,,1738850401850,,0.001,1,1,,100000000,100000,100000000.0000000000000000,100000000.0000000000000000,100000000.0000000000000000,100000,2.141,2,2.141,179,2.14,10724,2.281,2.283,2.112,9073715.7,90737157,2.135,2.177,1755693510919,,,,
BICO-USDT-SWAP,SWAP,,,USDT,1,1,BICO,,,1639032617371,,0.00001,1,1,,100000000,33000,100000000.0000000000000000,100000000.0000000000000000,100000000.0000000000000000,33000,0.10579,190,0.1058,1,0.10577,1435,0.10962,0.10984,0.10122,13456376,13456376,0.10167,0.10565,1755693511006,,,,
BIGTIME-USDT-SWAP,SWAP,,,USDT,10,1,BIGTIME,,,1697115300862,,0.00001,1,1,,100000000,50000,100000000.0000000000000000,100000000.0000000000000000,100000000.0000000000000000,50000,0.05401,6,0.05401,308,0.05399,680,0.05574,0.05621,0.05263,49005280,4900528,0.05307,0.05453,1755693511005,,,,
BIO-USDT-SWAP,SWAP,,,USDT,1,1,BIO,,,1735901100474,,0.00001,1,1,,100000000,100000,100000000.0000000000000000,100000000.0000000000000000,100000000.0000000000000000,100000,0.16358,36,0.16362,3958,0.16358,22810,0.14029,0.16586,0.1208,1727569534,1727569534,0.12353,0.13425,1755693511006,,,,
BLUR-USDT-SWAP,SWAP,,,USDT,10,1,BLUR,,,1676429700181,,0.00001,1,1,,100000000,25000,100000000.0000000000000000,100000000.0000000000000000,100000000.0000000000000000,25000,0.07705,38,0.07706,29,0.07703,835,0.07841,0.07905,0.07474,48884680,4888468,0.07525,0.07682,1755693511019,,,,
BNB-USDT-SWAP,SWAP,,,USDT,0.01,1,BNB,,,1671778428049,,0.1,1,1,,100000000,100000,100000000.0000000000000000,100000000.0000000000000000,100000000.0000000000000000,100000,832.4,2,832.4,2773,832.3,2501,844.1,847.4,817.8,179312.15,17931215,823.6,831.5,1755693510913,,,,
BNT-USDT-SWAP,SWAP,,,USDT,10,1,BNT,,,1608620400000,,0.0001,1,1,,100000000,4400,100000000.0000000000000000,100000000.0000000000000000,100000000.0000000000000000,4400,0.7656,2,0.7659,2,0.7654,9,0.7797,0.7854,0.7413,1361410,136141,0.7448,0.7606,1755693510618,,,,
BOME-USDT-SWAP,SWAP,,,USDT,1000,1,BOME,,,1723717202042,,0.000001,1,1,,100000000,20000,100000000.0000000000000000,100000000.0000000000000000,100000000.0000000000000000,20000,0.001763,11,0.001764,70,0.001763,3782,0.001793,0.001814,0.001697,5060934000,5060934,0.001713,0.001758,1755693511018,,,,
BONK-USDT-SWAP,SWAP,,,USDT,100000,1,BONK,,,1704695217299,,0.000000001,1,1,,100000000,100000,100000000.0000000000000000,100000000.0000000000000000,100000000.0000000000000000,100000,0.000021525,376,0.000021527,4,0.000021526,1129,0.000022482,0.000022658,0.000021227,1914010000000,19140100,0.000021446,0.000021846,1755693511017,,,,
BRETT-USDT-SWAP,SWAP,,,USDT,100,1,BRETT,,,1725617701730,,0.00001,1,1,,100000000,20000,100000000.0000000000000000,100000000.0000000000000000,100000000.0000000000000000,20000,0.04986,1,0.04987,7,0.04985,6,0.05187,0.05234,0.0484,43171000,431710,0.0488,0.05004,1755693511020,,,,
CAT-USDT-SWAP,SWAP,,,USDT,100000,1,CAT,,,1725618600681,,0.000000001,1,1,,100000000,50000,100000000.0000000000000000,100000000.0000000000000000,100000000.0000000000000000,50000,0.000007657,28,0.000007655,119,0.000007653,38,0.000007879,0.000007945,0.000007436,622040000000,6220400,0.000007466,0.000007683,1755693510610,,,,
CATI-USDT-SWAP,SWAP,,,USDT,1,1,CATI,,,1726828200112,,0.00001,1,1,,100000000,100000,100000000.0000000000000000,100000000.0000000000000000,100000000.0000000000000000,100000,0.08747,261,0.08743,3518,0.08741,161,0.08889,0.08962,0.08428,49417431,49417431,0.08488,0.08681,1755693511014,,,,
CELO-USDT-SWAP,SWAP,,,USDT,1,1,CELO,,,1632477785202,,0.0001,1,1,,100000000,50000,100000000.0000000000000000,100000000.0000000000000000,100000000.0000000000000000,50000,0.3182,6,0.3182,1839,0.3181,1712,0.3238,0.3257,0.3079,12381966,12381966,0.3094,0.3161,1755693511019,,,,
CETUS-USDT-SWAP,SWAP,,,USDT,10,1,CETUS,,,1683716471697,,0.00001,1,1,,100000000,30000,100000000.0000000000000000,100000000.0000000000000000,100000000.0000000000000000,30000,0.09541,8,0.09542,157,0.09539,51,0.10073,0.10145,0.09337,32625190,3262519,0.09362,0.09775,1755693511014,,,,
CFX-USDT-SWAP,SWAP,,,USDT,10,1,CFX,,,1615539600000,,0.00001,1,1,,100000000,120000,100000000.0000000000000000,100000000.0000000000000000,100000000.0000000000000000,120000,0.17388,2,0.17388,452,0.17386,294,0.1729,0.1998,0.16408,727757070,72775707,0.16482,0.1708,1755693510910,,,,
CHZ-USDT-SWAP,SWAP,,,USDT,10,1,CHZ,,,1615539600000,,0.00001,1,1,,100000000,70000,100000000.0000000000000000,100000000.0000000000000000,100000000.0000000000000000,70000,0.03947,132,0.03947,2276,0.03946,85,0.04005,0.04035,0.03847,120764290,12076429,0.03869,0.03901,1755693510514,,,,
COMP-USDT-SWAP,SWAP,,,USDT,0.1,1,COMP,,,1587463971000,,0.01,1,1,,100000000,14000,100000000.0000000000000000,100000000.0000000000000000,100000000.0000000000000000,14000,45.9,2,45.9,112,45.89,52,46.57,46.75,44.52,142020.9,1420209,44.65,45.53,1755693511018,,,,
COOKIE-USDT-SWAP,SWAP,,,USDT,10,1,COOKIE,,,1737718200560,,0.00001,1,1,,100000000,20000,100000000.0000000000000000,100000000.0000000000000000,100000000.0000000000000000,20000,0.13251,2,0.13253,15,0.13252,59,0.13934,0.14045,0.12813,33406220,3340622,0.12908,0.13463,1755693510451,,,,
CORE-USDT-SWAP,SWAP,,,USDT,1,1,CORE,,,1675864514708,,0.0001,1,1,,100000000,40000,100000000.0000000000000000,100000000.0000000000000000,100000000.0000000000000000,40000,0.4764,8,0.4765,5261,0.4764,109,0.4781,0.4815,0.4578,10517929,10517929,0.4608,0.4731,1755693511019,,,,
CRO-USDT-SWAP,SWAP,,,USDT,10,1,CRO,,,1617872400000,,0.00001,1,1,,100000000,30000,100000000.0000000000000000,100000000.0000000000000000,100000000.0000000000000000,30000,0.14367,2,0.14365,34,0.14361,192,0.14501,0.14653,0.1354,37485200,3748520,0.13605,0.14164,1755693511014,,,,
CRV-USDT-SWAP,SWAP,,,USDT,1,1,CRV,,,1599214371000,,0.0001,1,1,,100000000,150000,100000000.0000000000000000,100000000.0000000000000000,100000000.0000000000000000,150000,0.8501,50,0.8501,3,0.85,1083,0.8786,0.8858,0.8178,133383649,133383649,0.8205,0.8602,1755693511005,,,,
CTC-USDT-SWAP,SWAP,,,USDT,10,1,CTC,,,1702540523695,,0.0001,1,1,,100000000,3000,100000000.0000000000000000,100000000.0000000000000000,100000000.0000000000000000,3000,0.7298,9,0.7296,62,0.7293,1,0.7434,0.764,0.7254,15121660,1512166,0.7525,0.7395,1755693511015,,,,
CVC-USDT-SWAP,SWAP,,,USDT,100,1,CVC,,,1607580000000,,0.00001,1,1,,100000000,3000,100000000.0000000000000000,100000000.0000000000000000,100000000.0000000000000000,3000,0.09111,1,0.09113,14,0.09109,2,0.09235,0.0927,0.08851,9489500,94895,0.08912,0.09089,1755693508708,,,,
CVX-USDT-SWAP,SWAP,,,USDT,1,1,CVX,,,1719303900750,,0.001,1,1,,100000000,4000,100000000.0000000000000000,100000000.0000000000000000,100000000.0000000000000000,4000,3.885,12,3.885,53,3.883,16,4.015,4.055,3.737,532369,532369,3.747,3.924,1755693510514,,,,
DEGEN-USDT-SWAP,SWAP,,,USDT,100,1,DEGEN,,,1732176000192,,0.000001,1,1,,100000000,50000,100000000.0000000000000000,100000000.0000000000000000,100000000.0000000000000000,50000,0.003501,226,0.003504,176,0.003502,27,0.003605,0.003646,0.003371,249326600,2493266,0.003396,0.003512,1755693507013,,,,
DGB-USDT-SWAP,SWAP,,,USDT,100,1,DGB,,,1709281500656,,0.000001,1,1,,100000000,10000,100000000.0000000000000000,100000000.0000000000000000,100000000.0000000000000000,10000,0.008459,6,0.008464,10,0.008458,25,0.008574,0.008656,0.008235,34229300,342293,0.008287,0.008455,1755693511005,,,,
DOGS-USDT-SWAP,SWAP,,,USDT,1000,1,DOGS,,,1724675400737,,0.0000001,1,1,,100000000,50000,100000000.0000000000000000,100000000.0000000000000000,100000000.0000000000000000,50000,0.0001282,2,0.0001282,1980,0.0001281,18360,0.0001319,0.0001328,0.0001238,17208564000,17208564,0.0001248,0.0001285,1755693511015,,,,
DOG-USDT-SWAP,SWAP,,,USDT,1000,1,DOG,,,1731996004461,,0.000001,1,1,,100000000,20000,100000000.0000000000000000,100000000.0000000000000000,100000000.0000000000000000,20000,0.002725,4,0.002725,141,0.002722,86,0.002901,0.002919,0.002626,851940000,851940,0.002657,0.002787,1755693507905,,,,
DOOD-USDT-SWAP,SWAP,,,USDT,1000,1,DOOD,,,1747051200521,,0.000001,1,1,,100000000,20000,100000000.0000000000000000,100000000.0000000000000000,100000000.0000000000000000,20000,0.003085,4,0.003086,50,0.003083,81,0.003207,0.003232,0.002998,335545000,335545,0.003026,0.003175,1755693511017,,,,
DOT-USDT-SWAP,SWAP,,,USDT,1,1,DOT,,,1598350371000,,0.001,1,1,,100000000,70000,100000000.0000000000000000,100000000.0000000000000000,100000000.0000000000000000,70000,3.787,70,3.787,1531,3.786,6898,3.865,3.906,3.692,15309254,15309254,3.716,3.771,1755693511006,,,,
DUCK-USDT-SWAP,SWAP,,,USDT,100,1,DUCK,,,1737025200797,,0.000001,1,1,,100000000,30000,100000000.0000000000000000,100000000.0000000000000000,100000000.0000000000000000,30000,0.005475,12,0.005477,2,0.005475,1355,0.005418,0.005661,0.005275,1925503500,19255035,0.005381,0.005431,1755693510618,,,,
DYDX-USDT-SWAP,SWAP,,,USDT,1,1,DYDX,,,1631117510421,,0.0001,1,1,,100000000,100000,100000000.0000000000000000,100000000.0000000000000000,100000000.0000000000000000,100000,0.6441,1,0.6441,15,0.644,1724,0.6504,0.6622,0.6222,46281458,46281458,0.6258,0.6486,1755693511005,,,,
EGLD-USDT-SWAP,SWAP,,,USDT,0.1,1,EGLD,,,1608620400000,,0.01,1,1,,100000000,15000,100000000.0000000000000000,100000000.0000000000000000,100000000.0000000000000000,15000,14.69,2,14.69,14,14.68,4885,14.9,15.02,14.23,130049.8,1300498,14.35,14.62,1755693510919,,,,
EIGEN-USDT-SWAP,SWAP,,,USDT,1,1,EIGEN,,,1727764200682,,0.0001,1,1,,100000000,20000,100000000.0000000000000000,100000000.0000000000000000,100000000.0000000000000000,20000,1.3052,153,1.3052,152,1.305,190,1.3166,1.3419,1.251,20128644,20128644,1.2551,1.2916,1755693511018,,,,
ENJ-USDT-SWAP,SWAP,,,USDT,10,1,ENJ,,,1709288701407,,0.00001,1,1,,100000000,20000,100000000.0000000000000000,100000000.0000000000000000,100000000.0000000000000000,20000,0.06793,19,0.06794,476,0.0679,484,0.06858,0.06927,0.06545,17061540,1706154,0.06565,0.06721,1755693511018,,,,
ENS-USDT-SWAP,SWAP,,,USDT,0.1,1,ENS,,,1636623946265,,0.001,1,1,,100000000,60000,100000000.0000000000000000,100000000.0000000000000000,100000000.0000000000000000,60000,24.526,4,24.531,14,24.53,196,25.263,25.392,23.96,596696.6,5966966,24.077,24.688,1755693511014,,,,
ETC-USDT-SWAP,SWAP,,,USDT,10,1,ETC,,,1573557408000,,0.01,0.01,0.01,,100000000,2000,100000000.0000000000000000,100000000.0000000000000000,100000000.0000000000000000,2000,20.87,0.01,20.87,1.18,20.86,363.65,21.42,21.54,20.4,1955177.9,195517.79,20.5,21.02,1755693511106,,,,
ETHW-USDT-SWAP,SWAP,,,USDT,0.1,1,ETHW,,,1663311331635,,0.001,1,1,,100000000,150000,100000000.0000000000000000,100000000.0000000000000000,100000000.0000000000000000,150000,1.565,2,1.566,5706,1.565,329,1.596,1.607,1.517,703470.4,7034704,1.526,1.557,1755693510814,,,,
ETHFI-USDT-SWAP,SWAP,,,USDT,1,1,ETHFI,,,1710764700945,,0.0001,1,1,,100000000,20000,100000000.0000000000000000,100000000.0000000000000000,100000000.0000000000000000,20000,1.0725,32,1.0725,589,1.0724,479,1.1059,1.1191,1.0453,46175767,46175767,1.0483,1.0682,1755693511005,,,,
FARTCOIN-USDT-SWAP,SWAP,,,USDT,1,1,FARTCOIN,,,1734685200393,,0.0001,1,1,,100000000,100000,100000000.0000000000000000,100000000.0000000000000000,100000000.0000000000000000,100000,0.8844,2,0.8845,779,0.8843,1083,0.9315,0.9375,0.8504,108226045,108226045,0.853,0.8781,1755693511090,,,,
FIL-USDT-SWAP,SWAP,,,USDT,0.1,1,FIL,,,1565431971000,,0.001,1,1,,100000000,600000,100000000.0000000000000000,100000000.0000000000000000,100000000.0000000000000000,600000,2.395,2,2.395,72508,2.394,177033,2.444,2.457,2.346,23412759.5,234127595,2.358,2.391,1755693511005,,,,
FLM-USDT-SWAP,SWAP,,,USDT,10,1,FLM,,,1601359200000,,0.00001,1,1,,100000000,18000,100000000.0000000000000000,100000000.0000000000000000,100000000.0000000000000000,18000,0.03042,412,0.03043,164,0.03042,158,0.03104,0.03114,0.02869,142324660,14232466,0.02925,0.03016,1755693510104,,,,
FLOKI-USDT-SWAP,SWAP,,,USDT,100000,1,FLOKI,,,1676876100607,,0.00000001,1,1,,100000000,20000,100000000.0000000000000000,100000000.0000000000000000,100000000.0000000000000000,20000,0.00010024,2,0.00010025,3,0.00010023,98,0.0001026,0.00010363,0.00009707,154114000000,1541140,0.00009817,0.00010018,1755693511019,,,,
FLOW-USDT-SWAP,SWAP,,,USDT,10,1,FLOW,,,1699350900756,,0.0001,1,1,,100000000,15000,100000000.0000000000000000,100000000.0000000000000000,100000000.0000000000000000,15000,0.3721,2,0.3721,347,0.372,144,0.3822,0.3837,0.3627,14330600,1433060,0.3654,0.3724,1755693509611,,,,
FXS-USDT-SWAP,SWAP,,,USDT,1,1,FXS,,,1705046100655,,0.001,1,1,,100000000,15000,100000000.0000000000000000,100000000.0000000000000000,100000000.0000000000000000,15000,2.779,1,2.78,178,2.778,40,2.717,2.87,2.607,1107673,1107673,2.666,2.667,1755693509515,,,,
GALA-USDT-SWAP,SWAP,,,USDT,10,1,GALA,,,1632477789599,,0.00001,1,1,,100000000,800000,100000000.0000000000000000,100000000.0000000000000000,100000000.0000000000000000,800000,0.01615,2,0.01615,126274,0.01614,56557,0.01661,0.01673,0.01565,891277060,89127706,0.01573,0.01616,1755693510313,,,,
GAS-USDT-SWAP,SWAP,,,USDT,1,1,GAS,,,1698141300695,,0.001,1,1,,100000000,6000,100000000.0000000000000000,100000000.0000000000000000,100000000.0000000000000000,6000,3.29,13,3.289,321,3.288,2,3.295,3.352,3.137,1641143,1641143,3.223,3.23,1755693510010,,,,
GLM-USDT-SWAP,SWAP,,,USDT,10,1,GLM,,,1715329501418,,0.0001,1,1,,100000000,20000,100000000.0000000000000000,100000000.0000000000000000,100000000.0000000000000000,20000,0.2427,5,0.2427,194,0.2425,322,0.2575,0.2579,0.24,7073350,707335,0.2421,0.2514,1755693510312,,,,
GMT-USDT-SWAP,SWAP,,,USDT,1,1,GMT,,,1648803369890,,0.00001,1,1,,100000000,250000,100000000.0000000000000000,100000000.0000000000000000,100000000.0000000000000000,250000,0.04152,8,0.04153,6632,0.04152,11421,0.04268,0.04292,0.04026,99469375,99469375,0.04073,0.0418,1755693511019,,,,
GMX-USDT-SWAP,SWAP,,,USDT,0.1,1,GMX,,,1675321542847,,0.01,1,1,,100000000,20000,100000000.0000000000000000,100000000.0000000000000000,100000000.0000000000000000,20000,14.92,72,14.92,348,14.91,687,15.11,15.22,14.32,227434.8,2274348,14.5,14.76,1755693511015,,,,
GOAT-USDT-SWAP,SWAP,,,USDT,10,1,GOAT,,,1729760401829,,0.00001,1,1,,100000000,20000,100000000.0000000000000000,100000000.0000000000000000,100000000.0000000000000000,20000,0.08872,2,0.08872,2,0.0887,117,0.09046,0.09119,0.08566,54940490,5494049,0.08718,0.08809,1755693511013,,,,
GODS-USDT-SWAP,SWAP,,,USDT,1,1,GODS,,,1636113037912,,0.00001,1,1,,100000000,50000,100000000.0000000000000000,100000000.0000000000000000,100000000.0000000000000000,50000,0.1259,2,0.12589,541,0.12586,74,0.12312,0.12701,0.11953,13843298,13843298,0.12153,0.12181,1755693509515,,,,
GPS-USDT-SWAP,SWAP,,,USDT,10,1,GPS,,,1741089600468,,0.00001,1,1,,100000000,100000,100000000.0000000000000000,100000000.0000000000000000,100000000.0000000000000000,100000,0.01289,102,0.01289,3,0.01288,8905,0.01371,0.01385,0.01263,127146990,12714699,0.01289,0.01328,1755693511019,,,,
GRASS-USDT-SWAP,SWAP,,,USDT,1,1,GRASS,,,1730125800597,,0.0001,1,1,,100000000,100000,100000000.0000000000000000,100000000.0000000000000000,100000000.0000000000000000,100000,0.8172,1,0.8173,612,0.817,61,0.7243,0.828,0.7195,24880131,24880131,0.721,0.7588,1755693511017,,,,
GRIFFAIN-USDT-SWAP,SWAP,,,USDT,10,1,GRIFFAIN,,,1735282800164,,0.00001,1,1,,100000000,50000,100000000.0000000000000000,100000000.0000000000000000,100000000.0000000000000000,50000,0.03665,78,0.03665,10,0.03664,960,0.03801,0.03833,0.03508,80052010,8005201,0.03533,0.03688,1755693510519,,,,
GRT-USDT-SWAP,SWAP,,,USDT,10,1,GRT,,,1608458400000,,0.00001,1,1,,100000000,100000,100000000.0000000000000000,100000000.0000000000000000,100000000.0000000000000000,100000,0.09006,21,0.09003,162,0.09002,165,0.0918,0.09257,0.08758,80804010,8080401,0.08825,0.08961,1755693511019,,,,
H-USDT-SWAP,SWAP,,,USDT,100,1,H,,,1751522400413,,0.00001,1,1,,100000000,10000,100000000.0000000000000000,100000000.0000000000000000,100000000.0000000000000000,10000,0.03124,2,0.03123,89,0.03122,100,0.03275,0.033,0.02973,196360700,1963607,0.02992,0.03159,1755693511019,,,,
HBAR-USDT-SWAP,SWAP,,,USDT,100,1,HBAR,,,1692165300823,,0.00001,0.1,0.1,,100000000,14000,100000000.0000000000000000,100000000.0000000000000000,100000000.0000000000000000,14000,0.23364,0.2,0.23363,30.4,0.23362,25.8,0.24077,0.24278,0.23035,141713560,1417135.6,0.23146,0.2353,1755693511019,,,,
HMSTR-USDT-SWAP,SWAP,,,USDT,100,1,HMSTR,,,1727353800176,,0.0000001,1,1,,100000000,100000,100000000.0000000000000000,100000000.0000000000000000,100000000.0000000000000000,100000,0.0007022,58,0.0007021,1573,0.000702,329,0.0007162,0.0007218,0.0006821,2274043400,22740434,0.0006856,0.0006999,1755693511018,,,,
HOME-USDT-SWAP,SWAP,,,USDT,100,1,HOME,,,1749809700256,,0.00001,1,1,,100000000,50000,100000000.0000000000000000,100000000.0000000000000000,100000000.0000000000000000,50000,0.04286,1,0.04288,59,0.04287,69,0.043,0.04344,0.04158,136440600,1364406,0.04173,0.04254,1755693510416,,,,
HUMA-USDT-SWAP,SWAP,,,USDT,100,1,HUMA,,,1748266200433,,0.00001,1,1,,100000000,10000,100000000.0000000000000000,100000000.0000000000000000,100000000.0000000000000000,10000,0.03251,1,0.03253,119,0.03252,59,0.03315,0.03391,0.03191,221714200,2217142,0.03223,0.03268,1755693508913,,,,
HYPE-USDT-SWAP,SWAP,,,USDT,0.1,1,HYPE,,,1740121200506,,0.001,1,1,,100000000,50000,100000000.0000000000000000,100000000.0000000000000000,100000000.0000000000000000,50000,41.909,19,41.919,31,41.918,91,43.29,44.14,40.929,2775638.5,27756385,41.293,42.427,1755693511006,,,,
ICP-USDT-SWAP,SWAP,,,USDT,0.01,1,ICP,,,1620982800000,,0.001,1,1,,100000000,3200000,100000000.0000000000000000,100000000.0000000000000000,100000000.0000000000000000,3200000,5.13,2,5.13,12882,5.129,16452,5.246,5.282,5.01,1769099.97,176909997,5.023,5.131,1755693511015,,,,
ICX-USDT-SWAP,SWAP,,,USDT,10,1,ICX,,,1708687651159,,0.00001,1,1,,100000000,5000,100000000.0000000000000000,100000000.0000000000000000,100000000.0000000000000000,5000,0.12627,3,0.12626,17,0.12622,38,0.12989,0.13062,0.12333,7820310,782031,0.12435,0.12728,1755693511006,,,,
IMX-USDT-SWAP,SWAP,,,USDT,1,1,IMX,,,1637218222034,,0.0001,1,1,,100000000,100000,100000000.0000000000000000,100000000.0000000000000000,100000000.0000000000000000,100000,0.5398,926,0.5398,18,0.5397,1892,0.5536,0.5587,0.5232,11220542,11220542,0.528,0.5399,1755693510313,,,,
INIT-USDT-SWAP,SWAP,,,USDT,10,1,INIT,,,1745494200437,,0.0001,1,1,,100000000,10000,100000000.0000000000000000,100000000.0000000000000000,100000000.0000000000000000,10000,0.366,1,0.366,12,0.3659,31,0.3769,0.3825,0.3558,7264390,726439,0.3594,0.3696,1755693510417,,,,
INJ-USDT-SWAP,SWAP,,,USDT,0.1,1,INJ,,,1701345300667,,0.001,1,1,,100000000,50000,100000000.0000000000000000,100000000.0000000000000000,100000000.0000000000000000,50000,13.416,2,13.417,4,13.416,122,13.865,14.074,13.145,1466374.9,14663749,13.196,13.632,1755693511019,,,,
IOST-USDT-SWAP,SWAP,,,USDT,1000,1,IOST,,,1587463971000,,0.000001,1,1,,100000000,4200,100000000.0000000000000000,100000000.0000000000000000,100000000.0000000000000000,4200,0.00346,6,0.003459,50,0.003457,19,0.003529,0.003538,0.003368,207977000,207977,0.003392,0.00346,1755693509609,,,,
IOTA-USDT-SWAP,SWAP,,,USDT,10,1,IOTA,,,1587463971000,,0.0001,1,1,,100000000,20000,100000000.0000000000000000,100000000.0000000000000000,100000000.0000000000000000,20000,0.1953,3,0.1954,1207,0.1952,1229,0.2017,0.2037,0.1905,17246710,1724671,0.1916,0.1976,1755693511020,,,,
IP-USDT-SWAP,SWAP,,,USDT,1,1,IP,,,1739440801995,,0.0001,1,1,,100000000,20000,100000000.0000000000000000,100000000.0000000000000000,100000000.0000000000000000,20000,5.6587,9,5.6595,9,5.6591,50,5.5872,5.7235,5.43,4146987,4146987,5.5312,5.5652,1755693511019,,,,
JELLYJELLY-USDT-SWAP,SWAP,,,USDT,100,1,JELLYJELLY,,,1743004470352,,0.00001,1,1,,100000000,3500,100000000.0000000000000000,100000000.0000000000000000,100000000.0000000000000000,3500,0.02002,6,0.02002,17,0.02001,22,0.02047,0.02081,0.01956,43558800,435588,0.01962,0.02058,1755693510318,,,,
JOE-USDT-SWAP,SWAP,,,USDT,10,1,JOE,,,1704966900579,,0.0001,1,1,,100000000,20000,100000000.0000000000000000,100000000.0000000000000000,100000000.0000000000000000,20000,0.1555,38,0.1555,74,0.1554,90,0.1595,0.1609,0.1501,3733840,373384,0.1512,0.1563,1755693510211,,,,
JST-USDT-SWAP,SWAP,,,USDT,100,1,JST,,,1599559971000,,0.00001,1,1,,100000000,2000,100000000.0000000000000000,100000000.0000000000000000,100000000.0000000000000000,2000,0.03312,1,0.03312,42,0.0331,92,0.03284,0.03315,0.0321,16378000,163780,0.03226,0.03248,1755693506906,,,,
JTO-USDT-SWAP,SWAP,,,USDT,1,1,JTO,,,1704696900623,,0.001,1,1,,100000000,50000,100000000.0000000000000000,100000000.0000000000000000,100000000.0000000000000000,50000,1.691,40,1.691,2341,1.69,1135,1.689,1.706,1.617,3723556,3723556,1.624,1.653,1755693511019,,,,
JUP-USDT-SWAP,SWAP,,,USDT,10,1,JUP,,,1706717100211,,0.0001,1,1,,100000000,20000,100000000.0000000000000000,100000000.0000000000000000,100000000.0000000000000000,20000,0.4884,17,0.4886,2,0.4885,523,0.4976,0.5019,0.4733,35812130,3581213,0.4751,0.4858,1755693511020,,,,
KAITO-USDT-SWAP,SWAP,,,USDT,1,1,KAITO,,,1740060000331,,0.0001,1,1,,100000000,100000,100000000.0000000000000000,100000000.0000000000000000,100000000.0000000000000000,100000,1.0431,100,1.0431,411,1.043,1,1.0701,1.0786,1.014,11080404,11080404,1.0222,1.0461,1755693511018,,,,
KMNO-USDT-SWAP,SWAP,,,USDT,100,1,KMNO,,,1748575800335,,0.00001,1,1,,100000000,20000,100000000.0000000000000000,100000000.0000000000000000,100000000.0000000000000000,20000,0.05666,9,0.05667,2,0.05666,43,0.0585,0.05875,0.05517,60530900,605309,0.05545,0.05665,1755693510030,,,,
KSM-USDT-SWAP,SWAP,,,USDT,0.1,1,KSM,,,1599559971000,,0.01,1,1,,100000000,22000,100000000.0000000000000000,100000000.0000000000000000,100000000.0000000000000000,22000,14.24,2,14.24,773,14.23,552,14.65,14.74,13.85,108433.9,1084339,13.92,14.27,1755693510804,,,,
LA-USDT-SWAP,SWAP,,,USDT,10,1,LA,,,1749808800320,,0.0001,1,1,,100000000,10000,100000000.0000000000000000,100000000.0000000000000000,100000000.0000000000000000,10000,0.3425,25,0.3426,163,0.3424,536,0.3596,0.3623,0.336,27145140,2714514,0.3389,0.3566,1755693510919,,,,
LAUNCHCOIN-USDT-SWAP,SWAP,,,USDT,10,1,LAUNCHCOIN,,,1748945700339,,0.00001,1,1,,100000000,100000,100000000.0000000000000000,100000000.0000000000000000,100000000.0000000000000000,100000,0.0445,125,0.04451,386,0.0445,6,0.04758,0.0485,0.04224,291126820,29112682,0.0434,0.04418,1755693510451,,,,
LAYER-USDT-SWAP,SWAP,,,USDT,1,1,LAYER,,,1739284200817,,0.0001,1,1,,100000000,100000,100000000.0000000000000000,100000000.0000000000000000,100000000.0000000000000000,100000,0.5559,15,0.5559,1661,0.5558,68,0.561,0.5654,0.5447,9552162,9552162,0.5474,0.5527,1755693511017,,,,
LDO-USDT-SWAP,SWAP,,,USDT,1,1,LDO,,,1675321369323,,0.0001,1,1,,100000000,100000,100000000.0000000000000000,100000000.0000000000000000,100000000.0000000000000000,100000,1.3287,2,1.3287,183,1.3286,337,1.3185,1.3599,1.2606,64996235,64996235,1.2747,1.2808,1755693511005,,,,
LINK-USDT-SWAP,SWAP,,,USDT,1,1,LINK,,,1582888608000,,0.001,0.1,0.1,,100000000,55000,100000000.0000000000000000,100000000.0000000000000000,100000000.0000000000000000,55000,25.051,18.9,25.053,83,25.052,157.5,24.522,25.284,23.356,22376987.4,22376987.4,23.551,24.272,1755693511006,,,,
LPT-USDT-SWAP,SWAP,,,USDT,0.1,1,LPT,,,1619161200000,,0.001,1,1,,100000000,30000,100000000.0000000000000000,100000000.0000000000000000,100000000.0000000000000000,30000,6.245,16,6.246,934,6.244,574,6.275,6.329,6.032,1738083.7,17380837,6.081,6.188,1755693511018,,,,
LQTY-USDT-SWAP,SWAP,,,USDT,1,1,LQTY,,,1705053300717,,0.0001,1,1,,100000000,20000,100000000.0000000000000000,100000000.0000000000000000,100000000.0000000000000000,20000,0.8771,1,0.8769,12,0.8767,105,0.904,0.9152,0.8515,3874081,3874081,0.8547,0.8896,1755693510514,,,,
LRC-USDT-SWAP,SWAP,,,USDT,10,1,LRC,,,1599646371000,,0.00001,1,1,,100000000,25000,100000000.0000000000000000,100000000.0000000000000000,100000000.0000000000000000,25000,0.08741,6,0.08744,2,0.08742,2,0.09231,0.09297,0.08573,77552680,7755268,0.08626,0.0907,1755693511018,,,,
LTC-USDT-SWAP,SWAP,,,USDT,1,1,LTC,,,1573557408000,,0.01,0.1,0.1,,100000000,10000,100000000.0000000000000000,100000000.0000000000000000,100000000.0000000000000000,10000,114.73,0.8,114.73,48.7,114.72,122.9,115.75,116.71,112.15,1322457.3,1322457.3,112.62,114.07,1755693511019,,,,
LUNA-USDT-SWAP,SWAP,,,USDT,1,1,LUNA,,,1653746082125,,0.0001,1,1,,100000000,100000,100000000.0000000000000000,100000000.0000000000000000,100000000.0000000000000000,100000,0.1533,2,0.1533,5457,0.1532,19007,0.1557,0.1566,0.1486,14005349,14005349,0.1496,0.1526,1755693510310,,,,
LUNC-USDT-SWAP,SWAP,,,USDT,10000,1,LUNC,,,1662706704613,,0.00000001,1,1,,100000000,60000,100000000.0000000000000000,100000000.0000000000000000,100000000.0000000000000000,60000,0.0000586,8,0.0000586,164,0.00005858,150,0.00005984,0.00006037,0.00005722,31832300000,3183230,0.00005763,0.00005881,1755693509710,,,,
MAGIC-USDT-SWAP,SWAP,,,USDT,1,1,MAGIC,,,1675321549791,,0.00001,1,1,,100000000,70000,100000000.0000000000000000,100000000.0000000000000000,100000000.0000000000000000,70000,0.23096,1075,0.23097,7,0.23096,1756,0.23037,0.23638,0.22116,303979790,303979790,0.22245,0.22649,1755693510814,,,,
MAJOR-USDT-SWAP,SWAP,,,USDT,1,1,MAJOR,,,1732798800111,,0.0001,1,1,,100000000,100000,100000000.0000000000000000,100000000.0000000000000000,100000000.0000000000000000,100000,0.1572,4,0.1572,619,0.1571,598,0.1624,0.1635,0.154,5870372,5870372,0.1559,0.1572,1755693511019,,,,
MANA-USDT-SWAP,SWAP,,,USDT,10,1,MANA,,,1615539600000,,0.0001,1,1,,100000000,22000,100000000.0000000000000000,100000000.0000000000000000,100000000.0000000000000000,22000,0.2786,2,0.2786,48,0.2785,273,0.2833,0.2853,0.2712,9684940,968494,0.2719,0.2781,1755693510904,,,,
MASK-USDT-SWAP,SWAP,,,USDT,1,1,MASK,,,1614841200000,,0.001,1,1,,100000000,45000,100000000.0000000000000000,100000000.0000000000000000,100000000.0000000000000000,45000,1.234,2,1.234,1358,1.233,3375,1.257,1.263,1.204,2595861,2595861,1.213,1.232,1755693510919,,,,
ME-USDT-SWAP,SWAP,,,USDT,1,1,ME,,,1733844600107,,0.0001,1,1,,100000000,20000,100000000.0000000000000000,100000000.0000000000000000,100000000.0000000000000000,20000,0.6801,2,0.6801,372,0.68,78,0.6969,0.7005,0.6647,4130331,4130331,0.6691,0.6809,1755693511005,,,,
MEME-USDT-SWAP,SWAP,,,USDT,100,1,MEME,,,1699001700715,,0.000001,1,1,,100000000,100000,100000000.0000000000000000,100000000.0000000000000000,100000000.0000000000000000,100000,0.00237,9,0.002371,6128,0.00237,12775,0.002011,0.002397,0.001966,32075333000,320753330,0.002086,0.002019,1755693511006,,,,
MERL-USDT-SWAP,SWAP,,,USDT,1,1,MERL,,,1713522300606,,0.00001,1,1,,100000000,100000,100000000.0000000000000000,100000000.0000000000000000,100000000.0000000000000000,100000,0.11169,3,0.11171,173,0.11169,191,0.11296,0.11333,0.10527,27368065,27368065,0.10692,0.11168,1755693509610,,,,
METIS-USDT-SWAP,SWAP,,,USDT,0.1,1,METIS,,,1703757300614,,0.01,1,1,,100000000,10000,100000000.0000000000000000,100000000.0000000000000000,100000000.0000000000000000,10000,16.62,7,16.63,287,16.61,353,17.41,17.5,16.2,173395.7,1733957,16.27,17.11,1755693510519,,,,
MEW-USDT-SWAP,SWAP,,,USDT,1000,1,MEW,,,1713169500531,,0.000001,1,1,,100000000,20000,100000000.0000000000000000,100000000.0000000000000000,100000000.0000000000000000,20000,0.002872,58,0.002872,111,0.002871,87,0.002933,0.002961,0.002775,1298343000,1298343,0.002808,0.002858,1755693511006,,,,
MINA-USDT-SWAP,SWAP,,,USDT,1,1,MINA,,,1623229200000,,0.0001,1,1,,100000000,85000,100000000.0000000000000000,100000000.0000000000000000,100000000.0000000000000000,85000,0.1819,22,0.1819,5084,0.1818,2610,0.1856,0.1869,0.1767,8712906,8712906,0.178,0.1814,1755693509820,,,,
MKR-USDT-SWAP,SWAP,,,USDT,0.01,1,MKR,,,1598004771000,,0.1,0.1,0.1,,100000000,7000,100000000.0000000000000000,100000000.0000000000000000,100000000.0000000000000000,7000,1634.7,1.7,1634.7,19.3,1634.6,0.1,1711.4,1719.7,1618.2,9776.359,977635.9,1651.5,1678.4,1755693510219,,,,
MOG-USDT-SWAP,SWAP,,,USDT,1000000,1,MOG,,,1752729300240,,0.0000000001,1,1,,100000000,50000,100000000.0000000000000000,100000000.0000000000000000,100000000.0000000000000000,50000,0.0000010599,96,0.0000010598,40,0.0000010596,1,0.0000010997,0.0000011139,0.000001015,3776334000000,3776334,0.0000010173,0.0000010666,1755693511017,,,,
MOODENG-USDT-SWAP,SWAP,,,USDT,10,1,MOODENG,,,1727938802849,,0.00001,1,1,,100000000,50000,100000000.0000000000000000,100000000.0000000000000000,100000000.0000000000000000,50000,0.14788,93,0.14789,681,0.14788,72,0.15174,0.15258,0.14454,149697390,14969739,0.14539,0.14849,1755693511015,,,,
MORPHO-USDT-SWAP,SWAP,,,USDT,1,1,MORPHO,,,1732528800980,,0.0001,1,1,,100000000,10000,100000000.0000000000000000,100000000.0000000000000000,100000000.0000000000000000,10000,2.1002,9,2.0994,8,2.0989,89,2.0491,2.1216,1.9824,2677268,2677268,1.9857,2.0489,1755693510913,,,,
MOVE-USDT-SWAP,SWAP,,,USDT,10,1,MOVE,,,1733749202646,,0.00001,1,1,,100000000,20000,100000000.0000000000000000,100000000.0000000000000000,100000000.0000000000000000,20000,0.12693,1,0.12692,96,0.12691,68,0.13242,0.13337,0.12354,57711930,5771193,0.12578,0.13002,1755693510140,,,,
MUBARAK-USDT-SWAP,SWAP,,,USDT,100,1,MUBARAK,,,1748946600286,,0.00001,1,1,,100000000,20000,100000000.0000000000000000,100000000.0000000000000000,100000000.0000000000000000,20000,0.03204,2,0.03205,120,0.03203,15,0.03336,0.03389,0.03063,60907700,609077,0.03102,0.03258,1755693511018,,,,
NEAR-USDT-SWAP,SWAP,,,USDT,10,1,NEAR,,,1608544800000,,0.001,0.1,0.1,,100000000,10000,100000000.0000000000000000,100000000.0000000000000000,100000000.0000000000000000,10000,2.465,0.2,2.466,407,2.465,871.9,2.524,2.545,2.411,13393325,1339332.5,2.42,2.478,1755693511018,,,,
NEIROETH-USDT-SWAP,SWAP,,,USDT,100,1,NEIROETH,,,1725616800257,,0.00001,1,1,,100000000,4000,100000000.0000000000000000,100000000.0000000000000000,100000000.0000000000000000,4000,0.11647,1,0.1165,1,0.11646,2,0.11445,0.11775,0.10407,49438500,494385,0.10607,0.11318,1755693509916,,,,
NEIRO-USDT-SWAP,SWAP,,,USDT,1000,1,NEIRO,,,1727939701217,,0.0000001,1,1,,100000000,100000,100000000.0000000000000000,100000000.0000000000000000,100000000.0000000000000000,100000,0.0003592,1,0.0003593,6232,0.0003591,6065,0.0003711,0.0003744,0.0003445,31358086000,31358086,0.0003505,0.0003589,1755693511022,,,,
NEO-USDT-SWAP,SWAP,,,USDT,1,1,NEO,,,1582888608000,,0.001,1,1,,100000000,11000,100000000.0000000000000000,100000000.0000000000000000,100000000.0000000000000000,11000,6.252,1,6.252,12,6.249,150,6.084,6.555,5.819,1857410,1857410,5.845,5.945,1755693510907,,,,
NEWT-USDT-SWAP,SWAP,,,USDT,10,1,NEWT,,,1753438500274,,0.0001,1,1,,100000000,20000,100000000.0000000000000000,100000000.0000000000000000,100000000.0000000000000000,20000,0.3024,34,0.3024,39,0.3023,493,0.3044,0.3071,0.2865,11582500,1158250,0.2891,0.2988,1755693510455,,,,
NMR-USDT-SWAP,SWAP,,,USDT,0.1,1,NMR,,,1704959700642,,0.001,1,1,,100000000,10000,100000000.0000000000000000,100000000.0000000000000000,100000000.0000000000000000,10000,8.222,55,8.221,151,8.22,66,8.577,8.6,7.976,396223.1,3962231,8.004,8.355,1755693510913,,,,
NOT-USDT-SWAP,SWAP,,,USDT,100,1,NOT,,,1715862465350,,0.000001,1,1,,100000000,100000,100000000.0000000000000000,100000000.0000000000000000,100000000.0000000000000000,100000,0.001828,2,0.001828,1364,0.001827,10334,0.001879,0.0019,0.001779,1825318400,18253184,0.001791,0.001838,1755693511020,,,,
NXPC-USDT-SWAP,SWAP,,,USDT,1,1,NXPC,,,1748944800562,,0.0001,1,1,,100000000,100000,100000000.0000000000000000,100000000.0000000000000000,100000000.0000000000000000,100000,0.7676,39,0.7678,155,0.7675,130,0.8052,0.8096,0.7378,2496803,2496803,0.7695,0.7875,1755693510920,,,,
OL-USDT-SWAP,SWAP,,,USDT,10,1,OL,,,1732266004408,,0.00001,1,1,,100000000,30000,100000000.0000000000000000,100000000.0000000000000000,100000000.0000000000000000,30000,0.03705,569,0.03704,190,0.03702,790,0.03865,0.0389,0.03535,258463020,25846302,0.03611,0.03766,1755693510219,,,,
OM-USDT-SWAP,SWAP,,,USDT,10,1,OM,,,1708417500167,,0.0001,0.1,0.1,,100000000,1000,100000000.0000000000000000,100000000.0000000000000000,100000000.0000000000000000,1000,0.2392,0.2,0.2393,4539.6,0.2391,1825.9,0.2426,0.2442,0.2332,28682484,2868248.4,0.2357,0.2384,1755693511019,,,,
ONDO-USDT-SWAP,SWAP,,,USDT,10,1,ONDO,,,1722940203957,,0.0001,1,1,,100000000,20000,100000000.0000000000000000,100000000.0000000000000000,100000000.0000000000000000,20000,0.9285,6,0.9286,3,0.9285,756,0.9559,0.9612,0.9056,35840380,3584038,0.91,0.9249,1755693511006,,,,
ONE-USDT-SWAP,SWAP,,,USDT,100,1,ONE,,,1708426039038,,0.000001,1,1,,100000000,50000,100000000.0000000000000000,100000000.0000000000000000,100000000.0000000000000000,50000,0.010606,8,0.010608,102,0.010606,7,0.010731,0.010833,0.010159,124703600,1247036,0.010275,0.010502,1755693511006,,,,
ONT-USDT-SWAP,SWAP,,,USDT,10,1,ONT,,,1587463971000,,0.0001,1,1,,100000000,35000,100000000.0000000000000000,100000000.0000000000000000,100000000.0000000000000000,35000,0.1339,221,0.1339,87,0.1338,608,0.1346,0.1353,0.1287,7494610,749461,0.1293,0.1316,1755693510319,,,,
OP-USDT-SWAP,SWAP,,,USDT,1,1,OP,,,1654055717137,,0.0001,1,1,,100000000,250000,100000000.0000000000000000,100000000.0000000000000000,100000000.0000000000000000,250000,0.7054,2,0.7054,2455,0.7053,6414,0.7192,0.7258,0.6822,85277748,85277748,0.6872,0.702,1755693510703,,,,
ORBS-USDT-SWAP,SWAP,,,USDT,100,1,ORBS,,,1697514900740,,0.00001,1,1,,100000000,3000,100000000.0000000000000000,100000000.0000000000000000,100000000.0000000000000000,3000,0.01794,1,0.01796,204,0.01795,6,0.01829,0.0184,0.01765,30947900,309479,0.01769,0.01803,1755693508519,,,,
ORDI-USDT-SWAP,SWAP,,,USDT,0.1,1,ORDI,,,1684662900862,,0.001,1,1,,100000000,120000,100000000.0000000000000000,100000000.0000000000000000,100000000.0000000000000000,120000,8.752,1,8.753,99,8.752,1967,8.898,8.986,8.459,4058461.4,40584614,8.488,8.709,1755693511018,,,,
PARTI-USDT-SWAP,SWAP,,,USDT,10,1,PARTI,,,1742909400471,,0.0001,1,1,,100000000,50000,100000000.0000000000000000,100000000.0000000000000000,100000000.0000000000000000,50000,0.1746,3,0.1747,307,0.1746,508,0.1785,0.1799,0.1691,12780480,1278048,0.1707,0.1749,1755693507915,,,,
PENGU-USDT-SWAP,SWAP,,,USDT,100,1,PENGU,,,1734450902264,,0.000001,1,1,,100000000,20000,100000000.0000000000000000,100000000.0000000000000000,100000000.0000000000000000,20000,0.0298,1,0.029801,162,0.029799,689,0.032294,0.032524,0.028941,6003470000,60034700,0.029544,0.031229,1755693511114,,,,
PEOPLE-USDT-SWAP,SWAP,,,USDT,100,1,PEOPLE,,,1638427889758,,0.00001,1,1,,100000000,50000,100000000.0000000000000000,100000000.0000000000000000,100000000.0000000000000000,50000,0.01847,2,0.01847,3996,0.01846,2977,0.01872,0.01894,0.01779,989198400,9891984,0.01789,0.01829,1755693510906,,,,
PEPE-USDT-SWAP,SWAP,,,USDT,10000000,1,PEPE,,,1683086101049,,0.000000001,0.1,0.1,,100000000,25000,100000000.0000000000000000,100000000.0000000000000000,100000000.0000000000000000,25000,0.000010363,0.2,0.000010364,1,0.000010363,188.3,0.000010733,0.000010843,0.000010124,39929871000000,3992987.1,0.000010198,0.000010421,1755693511006,,,,
PERP-USDT-SWAP,SWAP,,,USDT,1,1,PERP,,,1617354000000,,0.0001,1,1,,100000000,25000,100000000.0000000000000000,100000000.0000000000000000,100000000.0000000000000000,25000,0.2771,18,0.2771,18,0.277,37,0.2655,0.2803,0.2538,5114160,5114160,0.2577,0.2599,1755693510814,,,,
PLUME-USDT-SWAP,SWAP,,,USDT,10,1,PLUME,,,1746689400330,,0.00001,1,1,,100000000,50000,100000000.0000000000000000,100000000.0000000000000000,100000000.0000000000000000,50000,0.08208,1,0.08208,170,0.08206,1,0.08721,0.08816,0.0798,96136410,9613641,0.08074,0.0857,1755693511019,,,,
PNUT-USDT-SWAP,SWAP,,,USDT,10,1,PNUT,,,1731382200304,,0.0001,1,1,,100000000,20000,100000000.0000000000000000,100000000.0000000000000000,100000000.0000000000000000,20000,0.2142,1,0.2143,2476,0.2142,3175,0.2203,0.2224,0.2072,105955660,10595566,0.2087,0.2152,1755693511019,,,,
POL-USDT-SWAP,SWAP,,,USDT,10,1,POL,,,1727166600128,,0.0001,1,1,,100000000,20000,100000000.0000000000000000,100000000.0000000000000000,100000000.0000000000000000,20000,0.2382,13,0.2382,4036,0.2381,398,0.2473,0.253,0.2312,93171440,9317144,0.2316,0.2455,1755693511019,,,,
POPCAT-USDT-SWAP,SWAP,,,USDT,10,1,POPCAT,,,1724922000651,,0.0001,1,1,,100000000,20000,100000000.0000000000000000,100000000.0000000000000000,100000000.0000000000000000,20000,0.2733,19,0.2733,2,0.2732,742,0.2829,0.2842,0.2633,32887930,3288793,0.2673,0.2719,1755693511019,,,,
PRCL-USDT-SWAP,SWAP,,,USDT,1,1,PRCL,,,1713273900088,,0.00001,1,1,,100000000,100000,100000000.0000000000000000,100000000.0000000000000000,100000000.0000000000000000,100000,0.08082,62,0.08083,134,0.08082,93,0.0829,0.08413,0.0787,42744076,42744076,0.07988,0.08078,1755693511006,,,,
PROMPT-USDT-SWAP,SWAP,,,USDT,10,1,PROMPT,,,1744291800317,,0.00001,1,1,,100000000,50000,100000000.0000000000000000,100000000.0000000000000000,100000000.0000000000000000,50000,0.12087,12,0.12087,25,0.12083,41,0.12403,0.12523,0.11678,32190070,3219007,0.11896,0.12198,1755693511015,,,,
PUMP-USDT-SWAP,SWAP,,,USDT,1000,1,PUMP,,,1752514200381,,0.000001,1,1,,100000000,20000,100000000.0000000000000000,100000000.0000000000000000,100000000.0000000000000000,20000,0.002981,7,0.002981,690,0.00298,2298,0.002872,0.003068,0.002751,40915712000,40915712,0.002816,0.002782,1755693511019,,,,
PYTH-USDT-SWAP,SWAP,,,USDT,10,1,PYTH,,,1700492100712,,0.00001,1,1,,100000000,25000,100000000.0000000000000000,100000000.0000000000000000,100000000.0000000000000000,25000,0.11588,2,0.11586,2,0.11583,59,0.1189,0.11996,0.11234,41838040,4183804,0.11289,0.11599,1755693511019,,,,
QTUM-USDT-SWAP,SWAP,,,USDT,1,1,QTUM,,,1587463971000,,0.001,1,1,,100000000,17000,100000000.0000000000000000,100000000.0000000000000000,100000000.0000000000000000,17000,2.081,1,2.081,415,2.08,65,2.069,2.133,1.957,2203433,2203433,1.983,2.025,1755693510810,,,,
RAY-USDT-SWAP,SWAP,,,USDT,1,1,RAY,,,1710239100609,,0.0001,1,1,,100000000,20000,100000000.0000000000000000,100000000.0000000000000000,100000000.0000000000000000,20000,3.2308,11,3.2311,5,3.231,134,3.2555,3.2934,3.1131,5242477,5242477,3.1244,3.187,1755693511005,,,,
RENDER-USDT-SWAP,SWAP,,,USDT,1,1,RENDER,,,1723105800136,,0.001,1,1,,100000000,20000,100000000.0000000000000000,100000000.0000000000000000,100000000.0000000000000000,20000,3.591,1,3.591,50,3.59,196,3.709,3.739,3.525,1850268,1850268,3.542,3.598,1755693511017,,,,
RESOLV-USDT-SWAP,SWAP,,,USDT,10,1,RESOLV,,,1749565800438,,0.0001,1,1,,100000000,50000,100000000.0000000000000000,100000000.0000000000000000,100000000.0000000000000000,50000,0.1515,24,0.1515,5577,0.1514,3233,0.1621,0.1649,0.1485,150034940,15003494,0.1494,0.1572,1755693511017,,,,
RSR-USDT-SWAP,SWAP,,,USDT,100,1,RSR,,,1599646371000,,0.000001,1,1,,100000000,150000,100000000.0000000000000000,100000000.0000000000000000,100000000.0000000000000000,150000,0.008346,14,0.008346,102,0.008345,175,0.008469,0.008548,0.007982,406087600,4060876,0.008025,0.008203,1755693511015,,,,
RVN-USDT-SWAP,SWAP,,,USDT,10,1,RVN,,,1619161200000,,0.00001,1,1,,100000000,270000,100000000.0000000000000000,100000000.0000000000000000,100000000.0000000000000000,270000,0.01336,2,0.01336,3629,0.01335,73297,0.01357,0.01364,0.013,175623440,17562344,0.01306,0.01327,1755693511005,,,,
S-USDT-SWAP,SWAP,,,USDT,10,1,S,,,1737450000523,,0.0001,1,1,,100000000,20000,100000000.0000000000000000,100000000.0000000000000000,100000000.0000000000000000,20000,0.3052,10,0.3052,383,0.3051,410,0.3245,0.3269,0.3,71341130,7134113,0.3019,0.3161,1755693510314,,,,
SAHARA-USDT-SWAP,SWAP,,,USDT,10,1,SAHARA,,,1750941000359,,0.00001,1,1,,100000000,100000,100000000.0000000000000000,100000000.0000000000000000,100000000.0000000000000000,100000,0.08838,123,0.08839,58,0.08838,11053,0.0886,0.08936,0.08461,171008810,17100881,0.08522,0.08645,1755693511019,,,,
SAND-USDT-SWAP,SWAP,,,USDT,10,1,SAND,,,1617354000000,,0.0001,1,1,,100000000,25000,100000000.0000000000000000,100000000.0000000000000000,100000000.0000000000000000,25000,0.2766,2,0.2767,1916,0.2766,1611,0.2832,0.2854,0.2694,38200900,3820090,0.2718,0.2769,1755693511015,,,,
SATS-USDT-SWAP,SWAP,,,USDT,10000000,1,SATS,,,1702889700612,,0.00000000001,1,1,,100000000,15000,100000000.0000000000000000,100000000.0000000000000000,100000000.0000000000000000,15000,0.00000003671,300,0.00000003672,4985,0.00000003671,3786,0.00000003789,0.0000000383,0.00000003566,512283730000000,51228373,0.00000003586,0.0000000371,1755693510704,,,,
SCR-USDT-SWAP,SWAP,,,USDT,1,1,SCR,,,1729602002820,,0.0001,1,1,,100000000,100000,100000000.0000000000000000,100000000.0000000000000000,100000000.0000000000000000,100000,0.3559,53,0.356,401,0.3559,223,0.3599,0.3631,0.3434,7168533,7168533,0.3456,0.3541,1755693510610,,,,
SHELL-USDT-SWAP,SWAP,,,USDT,10,1,SHELL,,,1740657600557,,0.0001,1,1,,100000000,20000,100000000.0000000000000000,100000000.0000000000000000,100000000.0000000000000000,20000,0.1308,4,0.1308,160,0.1307,614,0.1331,0.1338,0.1254,15690710,1569071,0.1264,0.1308,1755693510319,,,,
SHIB-USDT-SWAP,SWAP,,,USDT,1000000,1,SHIB,,,1620550800000,,0.000000001,0.1,0.1,,100000000000,35000,100000000000.0000000000000000,100000000000.0000000000000000,100000000000.0000000000000000,35000,0.000012289,0.2,0.000012289,146.5,0.000012288,119,0.000012599,0.000012652,0.000012037,3125447800000,3125447.8,0.000012089,0.000012289,1755693511006,,,,
SIGN-USDT-SWAP,SWAP,,,USDT,100,1,SIGN,,,1745839800340,,0.00001,1,1,,100000000,20000,100000000.0000000000000000,100000000.0000000000000000,100000000.0000000000000000,20000,0.06829,2,0.06831,165,0.06827,11,0.06805,0.06863,0.06636,15450800,154508,0.06684,0.06797,1755693509718,,,,
SLP-USDT-SWAP,SWAP,,,USDT,10,1,SLP,,,1629972222770,,0.000001,1,1,,100000000,270000,100000000.0000000000000000,100000000.0000000000000000,100000000.0000000000000000,270000,0.001774,154,0.001774,15840,0.001773,9703,0.001836,0.001866,0.001714,782436420,78243642,0.001727,0.001783,1755693511020,,,,
SNX-USDT-SWAP,SWAP,,,USDT,1,1,SNX,,,1598004771000,,0.0001,1,1,,100000000,35000,100000000.0000000000000000,100000000.0000000000000000,100000000.0000000000000000,35000,0.6483,46,0.6481,10,0.6479,561,0.6694,0.6748,0.6264,7465704,7465704,0.6327,0.653,1755693510435,,,,
SOLV-USDT-SWAP,SWAP,,,USDT,100,1,SOLV,,,1737108900454,,0.000001,1,1,,100000000,9000,100000000.0000000000000000,100000000.0000000000000000,100000000.0000000000000000,9000,0.044466,1,0.04446,2,0.044448,22,0.043867,0.04477,0.042354,24776900,247769,0.042867,0.042971,1755693510451,,,,
SONIC-USDT-SWAP,SWAP,,,USDT,1,1,SONIC,,,1736258400905,,0.00001,1,1,,100000000,100000,100000000.0000000000000000,100000000.0000000000000000,100000000.0000000000000000,100000,0.19638,22,0.19635,170,0.19628,252,0.20075,0.2017,0.19053,5254779,5254779,0.19266,0.19705,1755693511006,,,,
SOON-USDT-SWAP,SWAP,,,USDT,10,1,SOON,,,1747999800456,,0.00001,1,1,,100000000,20000,100000000.0000000000000000,100000000.0000000000000000,100000000.0000000000000000,20000,0.27264,9,0.27265,31,0.27262,19,0.26701,0.27764,0.25966,115495190,11549519,0.27015,0.26626,1755693511018,,,,
SOPH-USDT-SWAP,SWAP,,,USDT,100,1,SOPH,,,1748439000413,,0.00001,1,1,,100000000,20000,100000000.0000000000000000,100000000.0000000000000000,100000000.0000000000000000,20000,0.03319,1,0.03319,41,0.03318,102,0.03441,0.03457,0.03228,160029600,1600296,0.03263,0.03356,1755693507954,,,,
SPK-USDT-SWAP,SWAP,,,USDT,100,1,SPK,,,1750156200346,,0.00001,1,1,,100000000,20000,100000000.0000000000000000,100000000.0000000000000000,100000000.0000000000000000,20000,0.07606,62,0.07607,41,0.07606,156,0.07723,0.08024,0.07401,593456200,5934562,0.076,0.07688,1755693510710,,,,
SPX-USDT-SWAP,SWAP,,,USDT,1,1,SPX,,,1752728400453,,0.0001,1,1,,100000000,50000,100000000.0000000000000000,100000000.0000000000000000,100000000.0000000000000000,50000,1.3388,37,1.3393,8,1.3392,106,1.3841,1.408,1.2956,5178183,5178183,1.3014,1.3385,1755693511020,,,,
SSV-USDT-SWAP,SWAP,,,USDT,0.1,1,SSV,,,1700711700717,,0.001,1,1,,100000000,50000,100000000.0000000000000000,100000000.0000000000000000,100000000.0000000000000000,50000,8.461,16,8.461,348,8.46,3,8.652,8.694,8.156,1174827.4,11748274,8.197,8.431,1755693510106,,,,
STORJ-USDT-SWAP,SWAP,,,USDT,10,1,STORJ,,,1599646371000,,0.0001,1,1,,100000000,9000,100000000.0000000000000000,100000000.0000000000000000,100000000.0000000000000000,9000,0.2584,1,0.2584,33,0.2583,237,0.2649,0.2661,0.2529,6022530,602253,0.2541,0.2598,1755693510455,,,,
STRK-USDT-SWAP,SWAP,,,USDT,1,1,STRK,,,1708433700141,,0.0001,1,1,,100000000,50000,100000000.0000000000000000,100000000.0000000000000000,100000000.0000000000000000,50000,0.1331,3,0.1332,103,0.1331,87020,0.1342,0.1355,0.1279,64156396,64156396,0.1294,0.1324,1755693510518,,,,
STX-USDT-SWAP,SWAP,,,USDT,10,1,STX,,,1676969758164,,0.0001,0.1,0.1,,100000000,22000,100000000.0000000000000000,100000000.0000000000000000,100000000.0000000000000000,22000,0.6611,0.2,0.6611,17.7,0.661,13.2,0.6835,0.6879,0.6411,9468556,946855.6,0.6509,0.6688,1755693511019,,,,
SUI-USDT-SWAP,SWAP,,,USDT,1,1,SUI,,,1683258900891,,0.0001,1,1,,100000000,200000,100000000.0000000000000000,100000000.0000000000000000,100000000.0000000000000000,200000,3.4779,2,3.4782,1498,3.4781,463,3.6055,3.6065,3.4127,61500331,61500331,3.4205,3.4888,1755693511005,,,,
SUSHI-USDT-SWAP,SWAP,,,USDT,1,1,SUSHI,,,1599041571000,,0.0001,1,1,,100000000,150000,100000000.0000000000000000,100000000.0000000000000000,100000000.0000000000000000,150000,0.7654,65,0.7654,1122,0.7653,3,0.7807,0.786,0.7407,22139352,22139352,0.7466,0.7639,1755693510919,,,,
SWARMS-USDT-SWAP,SWAP,,,USDT,10,1,SWARMS,,,1737717300103,,0.00001,1,1,,100000000,100000,100000000.0000000000000000,100000000.0000000000000000,100000000.0000000000000000,100000,0.01944,2,0.01943,1025,0.01942,429,0.01979,0.01996,0.01866,123054960,12305496,0.01896,0.01953,1755693509611,,,,
SYRUP-USDT-SWAP,SWAP,,,USDT,10,1,SYRUP,,,1751524200291,,0.0001,1,1,,100000000,20000,100000000.0000000000000000,100000000.0000000000000000,100000000.0000000000000000,20000,0.4057,1,0.4057,122,0.4056,17,0.4129,0.4188,0.3991,11556160,1155616,0.4024,0.4054,1755693510451,,,,
T-USDT-SWAP,SWAP,,,USDT,100,1,T,,,1708676700613,,0.00001,1,1,,100000000,5000,100000000.0000000000000000,100000000.0000000000000000,100000000.0000000000000000,5000,0.01599,115,0.01599,156,0.01598,140,0.01644,0.01655,0.01561,63537400,635374,0.0157,0.01602,1755693506907,,,,
TAO-USDT-SWAP,SWAP,,,USDT,0.01,1,TAO,,,1726808400182,,0.1,1,1,,100000000,25000,100000000.0000000000000000,100000000.0000000000000000,100000000.0000000000000000,25000,345.7,24,345.8,961,345.7,953,355.4,356.7,340,42740.79,4274079,342,347.5,1755693511017,,,,
THETA-USDT-SWAP,SWAP,,,USDT,10,1,THETA,,,1587463971000,,0.0001,0.1,0.1,,100000000,8500,100000000.0000000000000000,100000000.0000000000000000,100000000.0000000000000000,8500,0.7797,0.1,0.7798,0.3,0.7796,32.8,0.7923,0.8003,0.7571,4003841,400384.1,0.7623,0.7778,1755693511040,,,,
TIA-USDT-SWAP,SWAP,,,USDT,1,1,TIA,,,1698776700675,,0.001,1,1,,100000000,40000,100000000.0000000000000000,100000000.0000000000000000,100000000.0000000000000000,40000,1.681,2,1.682,9470,1.681,7795,1.735,1.746,1.638,19423728,19423728,1.646,1.688,1755693511018,,,,
TNSR-USDT-SWAP,SWAP,,,USDT,1,1,TNSR,,,1712592120492,,0.0001,1,1,,100000000,50000,100000000.0000000000000000,100000000.0000000000000000,100000000.0000000000000000,50000,0.1216,343,0.1216,6748,0.1215,5540,0.1234,0.1244,0.1163,9062823,9062823,0.1176,0.1206,1755693511006,,,,
TRB-USDT-SWAP,SWAP,,,USDT,0.1,1,TRB,,,1599559971000,,0.01,1,1,,100000000,28000,100000000.0000000000000000,100000000.0000000000000000,100000000.0000000000000000,28000,35.38,1,35.38,4,35.37,1749,36.22,36.47,34.57,379183.1,3791831,34.71,35.47,1755693511018,,,,
TREE-USDT-SWAP,SWAP,,,USDT,1,1,TREE,,,1753799400400,,0.0001,1,1,,100000000,100000,100000000.0000000000000000,100000000.0000000000000000,100000000.0000000000000000,100000,0.3236,153,0.3237,989,0.3236,7914,0.3423,0.3469,0.3158,28908834,28908834,0.3231,0.339,1755693510919,,,,
TRUMP-USDT-SWAP,SWAP,,,USDT,0.1,1,TRUMP,,,1737264604112,,0.001,1,1,,100000000,35000,100000000.0000000000000000,100000000.0000000000000000,100000000.0000000000000000,35000,8.785,3,8.786,1809,8.785,36460,8.976,9.023,8.56,13625870.3,136258703,8.608,8.694,1755693511006,,,,
TRX-USDT-SWAP,SWAP,,,USDT,1000,1,TRX,,,1573557408000,,0.00001,0.01,0.01,,1000000,4000,1000000.0000000000000000,1000000.0000000000000000,1000000.0000000000000000,4000,0.35118,0.02,0.35117,1.12,0.35116,45.66,0.35117,0.3529,0.34564,240470670,240470.67,0.34722,0.34908,1755693510715,,,,
TURBO-USDT-SWAP,SWAP,,,USDT,10000,1,TURBO,,,1702547700612,,0.000001,0.1,0.1,,100000000,2000,100000000.0000000000000000,100000000.0000000000000000,100000000.0000000000000000,2000,0.00409,14.7,0.004091,22.1,0.00409,31.9,0.004246,0.004288,0.004007,2465325000,246532.5,0.004026,0.004149,1755693511014,,,,
UMA-USDT-SWAP,SWAP,,,USDT,0.1,1,UMA,,,1599214371000,,0.001,1,1,,100000000,150000,100000000.0000000000000000,100000000.0000000000000000,100000000.0000000000000000,150000,1.383,1402,1.383,7756,1.382,27950,1.358,1.606,1.308,59796239.1,597962391,1.439,1.332,1755693509508,,,,
UNI-USDT-SWAP,SWAP,,,USDT,1,1,UNI,,,1600317000000,,0.001,1,1,,100000000,30000,100000000.0000000000000000,100000000.0000000000000000,100000000.0000000000000000,30000,10.222,114,10.222,169,10.221,604,10.444,10.498,9.907,9955388,9955388,9.946,10.222,1755693510710,,,,
USDC-USDT-SWAP,SWAP,,,USDT,10,1,USDC,,,1678607700793,,0.0001,1,1,,100000000,10000,100000000.0000000000000000,100000000.0000000000000000,100000000.0000000000000000,10000,1,26,1,2288,0.9999,835,0.9997,1.0001,0.9996,510170,51017,0.9999,0.9999,1755693505318,,,,
USELESS-USDT-SWAP,SWAP,,,USDT,10,1,USELESS,,,1753437600380,,0.0001,1,1,,100000000,50000,100000000.0000000000000000,100000000.0000000000000000,100000000.0000000000000000,50000,0.2737,16,0.2738,42,0.2737,722,0.2727,0.2862,0.2436,279124710,27912471,0.269,0.2815,1755693510618,,,,
USTC-USDT-SWAP,SWAP,,,USDT,100,1,USTC,,,1667458491385,,0.00001,1,1,,100000000,25000,100000000.0000000000000000,100000000.0000000000000000,100000000.0000000000000000,25000,0.01346,11,0.01347,542,0.01346,8,0.01388,0.01397,0.01303,194150500,1941505,0.01319,0.0136,1755693510514,,,,
UXLINK-USDT-SWAP,SWAP,,,USDT,10,1,UXLINK,,,1721293204025,,0.0001,1,1,,100000000,6000,100000000.0000000000000000,100000000.0000000000000000,100000000.0000000000000000,6000,0.3082,2,0.3083,203,0.3082,112,0.3193,0.321,0.3044,7616520,761652,0.3065,0.3131,1755693509617,,,,
VANA-USDT-SWAP,SWAP,,,USDT,0.1,1,VANA,,,1734408000582,,0.001,1,1,,100000000,50000,100000000.0000000000000000,100000000.0000000000000000,100000000.0000000000000000,50000,4.032,2,4.033,298,4.032,1,4.169,4.193,3.902,222689.7,2226897,3.961,4.085,1755693506907,,,,
VINE-USDT-SWAP,SWAP,,,USDT,10,1,VINE,,,1737889201529,,0.00001,1,1,,100000000,20000,100000000.0000000000000000,100000000.0000000000000000,100000000.0000000000000000,20000,0.06723,27,0.06723,133,0.06722,2497,0.06991,0.07421,0.06579,2244460290,224446029,0.06785,0.0688,1755693511053,,,,
VIRTUAL-USDT-SWAP,SWAP,,,USDT,1,1,VIRTUAL,,,1733911200140,,0.0001,1,1,,100000000,100000,100000000.0000000000000000,100000000.0000000000000000,100000000.0000000000000000,100000,1.1865,29,1.1865,16,1.1864,147,1.2299,1.2318,1.1481,11357127,11357127,1.1671,1.1827,1755693511114,,,,
W-USDT-SWAP,SWAP,,,USDT,1,1,W,,,1712147100572,,0.00001,1,1,,100000000,50000,100000000.0000000000000000,100000000.0000000000000000,100000000.0000000000000000,50000,0.0783,447,0.0783,952,0.07829,677,0.07978,0.08036,0.07487,80363410,80363410,0.07519,0.07753,1755693510709,,,,
WAL-USDT-SWAP,SWAP,,,USDT,10,1,WAL,,,1746687600526,,0.0001,1,1,,100000000,20000,100000000.0000000000000000,100000000.0000000000000000,100000000.0000000000000000,20000,0.4263,1,0.4264,1,0.4262,35,0.438,0.4465,0.4241,1864490,186449,0.4284,0.4335,1755693511018,,,,
WAXP-USDT-SWAP,SWAP,,,USDT,100,1,WAXP,,,1697687700843,,0.00001,1,1,,100000000,4000,100000000.0000000000000000,100000000.0000000000000000,100000000.0000000000000000,4000,0.02038,17,0.02037,82,0.02036,143,0.02037,0.02046,0.01963,18218400,182184,0.01982,0.02001,1755693508616,,,,
WCT-USDT-SWAP,SWAP,,,USDT,10,1,WCT,,,1744716600433,,0.0001,1,1,,100000000,20000,100000000.0000000000000000,100000000.0000000000000000,100000000.0000000000000000,20000,0.304,1,0.304,369,0.3039,84,0.3121,0.314,0.2942,15694690,1569469,0.2965,0.3048,1755693510814,,,,
WIF-USDT-SWAP,SWAP,,,USDT,1,1,WIF,,,1713173100603,,0.0001,1,1,,100000000,50000,100000000.0000000000000000,100000000.0000000000000000,100000000.0000000000000000,50000,0.8357,2,0.8357,35,0.8356,6339,0.8639,0.8687,0.8127,97021789,97021789,0.8259,0.8339,1755693510906,,,,
WLD-USDT-SWAP,SWAP,,,USDT,1,1,WLD,,,1690199721595,,0.0001,1,1,,100000000,50000,100000000.0000000000000000,100000000.0000000000000000,100000000.0000000000000000,50000,0.9265,151,0.9266,583,0.9265,9243,0.944,0.9523,0.8934,110113592,110113592,0.9001,0.919,1755693510909,,,,
WOO-USDT-SWAP,SWAP,,,USDT,10,1,WOO,,,1676357700337,,0.00001,1,1,,100000000,50000,100000000.0000000000000000,100000000.0000000000000000,100000000.0000000000000000,50000,0.0736,14,0.0736,208,0.07356,146,0.07596,0.07648,0.07081,30739630,3073963,0.0714,0.07413,1755693511017,,,,
XAUT-USDT-SWAP,SWAP,,,USDT,0.001,1,XAUT,,,1744192800563,,0.1,1,1,,100000000,50000,100000000.0000000000000000,100000000.0000000000000000,100000000.0000000000000000,50000,3340.7,525,3340.8,2616,3340.7,1741,3337.7,3342,3315,2847.714,2847714,3317.5,3324.9,1755693510106,,,,
XLM-USDT-SWAP,SWAP,,,USDT,100,1,XLM,,,1587463971000,,0.00001,0.1,0.1,,100000000,9000,100000000.0000000000000000,100000000.0000000000000000,100000000.0000000000000000,9000,0.39717,0.2,0.39713,20.8,0.39712,6.8,0.40703,0.41011,0.38953,104224470,1042244.7,0.39067,0.39781,1755693510714,,,,
XTZ-USDT-SWAP,SWAP,,,USDT,1,1,XTZ,,,1587463971000,,0.0001,1,1,,100000000,70000,100000000.0000000000000000,100000000.0000000000000000,100000000.0000000000000000,70000,0.799,65,0.7989,46,0.7988,306,0.8148,0.8157,0.7767,11879676,11879676,0.7816,0.7998,1755693511014,,,,
YFI-USDT-SWAP,SWAP,,,USDT,0.0001,1,YFI,,,1599041571000,,1,1,1,,100000000,150000,100000000.0000000000000000,100000000.0000000000000000,100000000.0000000000000000,150000,5469,31,5467,203,5466,721,5562,5580,5303,497.4366,4974366,5341,5466,1755693510716,,,,
YGG-USDT-SWAP,SWAP,,,USDT,1,1,YGG,,,1628240400000,,0.0001,1,1,,100000000,110000,100000000.0000000000000000,100000000.0000000000000000,100000000.0000000000000000,110000,0.1529,298,0.1528,16715,0.1527,20939,0.1547,0.1558,0.1467,36290333,36290333,0.1488,0.1508,1755693510709,,,,
ZENT-USDT-SWAP,SWAP,,,USDT,100,1,ZENT,,,1715243100398,,0.000001,1,1,,100000000,4000,100000000.0000000000000000,100000000.0000000000000000,100000000.0000000000000000,4000,0.007357,7,0.007359,10,0.007357,69,0.007446,0.007568,0.007261,300348600,3003486,0.007321,0.007513,1755693511018,,,,
ZEREBRO-USDT-SWAP,SWAP,,,USDT,10,1,ZEREBRO,,,1735283702001,,0.00001,1,1,,100000000,50000,100000000.0000000000000000,100000000.0000000000000000,100000000.0000000000000000,50000,0.02687,185,0.02687,216,0.02686,187,0.02744,0.02769,0.0261,48008480,4800848,0.02621,0.02689,1755693510318,,,,
ZETA-USDT-SWAP,SWAP,,,USDT,10,1,ZETA,,,1706757900607,,0.0001,1,1,,100000000,10000,100000000.0000000000000000,100000000.0000000000000000,100000000.0000000000000000,10000,0.1871,26,0.1871,3,0.187,111,0.1921,0.193,0.1825,4726320,472632,0.1839,0.1877,1755693511014,,,,
ZIL-USDT-SWAP,SWAP,,,USDT,100,1,ZIL,,,1599646371000,,0.00001,1,1,,100000000,35000,100000000.0000000000000000,100000000.0000000000000000,100000000.0000000000000000,35000,0.01103,63,0.01104,3506,0.01103,660,0.01107,0.01115,0.01065,113408200,1134082,0.01072,0.01087,1755693511006,,,,
ZK-USDT-SWAP,SWAP,,,USDT,10,1,ZK,,,1718699100579,,0.00001,1,1,,100000000,50000,100000000.0000000000000000,100000000.0000000000000000,100000000.0000000000000000,50000,0.06141,76,0.0614,732,0.06138,169,0.06401,0.06467,0.06045,116913910,11691391,0.06101,0.06272,1755693511020,,,,
ZRO-USDT-SWAP,SWAP,,,USDT,1,1,ZRO,,,1718886300653,,0.001,1,1,,100000000,50000,100000000.0000000000000000,100000000.0000000000000000,100000000.0000000000000000,50000,1.955,4,1.955,309,1.954,2009,1.998,2.017,1.906,3659066,3659066,1.914,1.952,1755693510710,,,,
ZRX-USDT-SWAP,SWAP,,,USDT,10,1,ZRX,,,1598004771000,,0.0001,1,1,,100000000,21000,100000000.0000000000000000,100000000.0000000000000000,100000000.0000000000000000,21000,0.2416,2,0.2416,31,0.2415,215,0.2466,0.2483,0.2348,7405230,740523,0.2361,0.2411,1755693511015,,,,
BTC-USDC-SWAP,SWAP,,,USDC,0.0001,1,BTC,,,1666076190148,,0.1,1,1,,100000000,85000,100000000.0000000000000000,100000000.0000000000000000,100000000.0000000000000000,85000,113769.9,1,113757.4,1413,113757.3,4568,115476.4,115850,112501.3,646.5621,6465621,112841.1,113754.1,1755693511018,,,,
ETH-USDC-SWAP,SWAP,,,USDC,0.001,1,ETH,,,1666076197702,,0.01,1,1,,100000000,120000,100000000.0000000000000000,100000000.0000000000000000,100000000.0000000000000000,120000,4193.9,2,4193.81,799,4193.8,74,4303.6,4339,4060.81,37591.199,37591199,4073.82,4190.01,1755693511019,,,,